ISO-10303-21;
HEADER;
FILE_DESCRIPTION (( 'STEP AP214' ),
    '1' );
FILE_NAME ('case.STEP',
    '2026-09-29T23:46:33',
    ( '' ),
    ( '' ),
    'SwSTEP 2.0',
    'SolidWorks 2025',
    '' );
FILE_SCHEMA (( 'AUTOMOTIVE_DESIGN' ));
ENDSEC;

DATA;
#1 = EDGE_CURVE ( 'NONE', #1400, #745, #2189, .T. ) ;
#2 = FACE_BOUND ( 'NONE', #1601, .T. ) ;
#3 = ORIENTED_EDGE ( 'NONE', *, *, #473, .T. ) ;
#4 = PLANE ( 'NONE',  #14 ) ;
#5 = DIRECTION ( 'NONE',  ( 0.000000000000000000, 0.000000000000000000, -1.000000000000000000 ) ) ;
#6 = ORIENTED_EDGE ( 'NONE', *, *, #1861, .T. ) ;
#7 = DIRECTION ( 'NONE',  ( -1.000000000000000000, -0.000000000000000000, -0.000000000000000000 ) ) ;
#8 = CARTESIAN_POINT ( 'NONE',  ( -60.49999999999998579, 65.00000000000000000, 42.50000000000000000 ) ) ;
#9 = EDGE_LOOP ( 'NONE', ( #1158, #1472, #1953, #501 ) ) ;
#10 = ADVANCED_FACE ( 'NONE', ( #1367 ), #135, .T. ) ;
#11 = CARTESIAN_POINT ( 'NONE',  ( 64.49999999999998579, 3.000000000000002665, -54.50000000000000000 ) ) ;
#12 = FACE_OUTER_BOUND ( 'NONE', #1004, .T. ) ;
#13 = PLANE ( 'NONE',  #995 ) ;
#14 = AXIS2_PLACEMENT_3D ( 'NONE', #1715, #689, #190 ) ;
#15 = EDGE_CURVE ( 'NONE', #186, #1449, #192, .T. ) ;
#16 = AXIS2_PLACEMENT_3D ( 'NONE', #1685, #2015, #485 ) ;
#17 = ORIENTED_EDGE ( 'NONE', *, *, #1861, .F. ) ;
#18 = FACE_OUTER_BOUND ( 'NONE', #1503, .T. ) ;
#19 = VECTOR ( 'NONE', #431, 1000.000000000000000 ) ;
#20 = DIRECTION ( 'NONE',  ( -1.374038396813312538E-16, 0.000000000000000000, -1.000000000000000000 ) ) ;
#21 = EDGE_LOOP ( 'NONE', ( #1641, #756, #792, #238, #1286, #899, #1762, #2031 ) ) ;
#22 = PRESENTATION_LAYER_ASSIGNMENT (  '', '', ( #1351 ) ) ;
#23 = CARTESIAN_POINT ( 'NONE',  ( -60.50000000000000711, 8.000000000000000000, 38.10000000000001563 ) ) ;
#24 = EDGE_CURVE ( 'NONE', #361, #186, #2202, .T. ) ;
#25 = CARTESIAN_POINT ( 'NONE',  ( -64.50000000000000000, 8.000000000000000000, -38.10000000000000142 ) ) ;
#26 = DIRECTION ( 'NONE',  ( 0.000000000000000000, -1.000000000000000000, 0.000000000000000000 ) ) ;
#27 = EDGE_LOOP ( 'NONE', ( #59, #678, #1838, #1770 ) ) ;
#28 = DIRECTION ( 'NONE',  ( 0.000000000000000000, 1.000000000000000000, -0.000000000000000000 ) ) ;
#29 = ORIENTED_EDGE ( 'NONE', *, *, #2192, .T. ) ;
#30 = FACE_BOUND ( 'NONE', #1942, .T. ) ;
#31 = DIRECTION ( 'NONE',  ( -1.000000000000000000, -0.000000000000000000, -0.000000000000000000 ) ) ;
#32 = DIRECTION ( 'NONE',  ( -1.000000000000000000, -0.000000000000000000, -0.000000000000000000 ) ) ;
#33 = VERTEX_POINT ( 'NONE', #158 ) ;
#34 = LINE ( 'NONE', #2101, #702 ) ;
#35 = PRODUCT_DEFINITION ( 'UNKNOWN', '', #153, #717 ) ;
#36 = DIRECTION ( 'NONE',  ( 0.000000000000000000, 1.000000000000000000, 0.000000000000000000 ) ) ;
#37 = ORIENTED_EDGE ( 'NONE', *, *, #243, .T. ) ;
#38 = ORIENTED_EDGE ( 'NONE', *, *, #687, .T. ) ;
#39 = FACE_OUTER_BOUND ( 'NONE', #263, .T. ) ;
#40 = CARTESIAN_POINT ( 'NONE',  ( -61.50000000000000000, 3.000000000000002665, 54.50000000000000000 ) ) ;
#41 = CARTESIAN_POINT ( 'NONE',  ( 60.38768043472764191, 25.50000000000000000, 46.00000000000000711 ) ) ;
#42 = AXIS2_PLACEMENT_3D ( 'NONE', #1572, #544, #1603 ) ;
#43 = VERTEX_POINT ( 'NONE', #850 ) ;
#44 = EDGE_CURVE ( 'NONE', #1051, #1214, #329, .T. ) ;
#45 = CIRCLE ( 'NONE', #986, 4.999999999999997335 ) ;
#46 = DIRECTION ( 'NONE',  ( -1.000000000000000000, 0.000000000000000000, 5.738171702200635624E-17 ) ) ;
#47 = ORIENTED_EDGE ( 'NONE', *, *, #89, .T. ) ;
#48 = AXIS2_PLACEMENT_3D ( 'NONE', #1536, #1056, #1384 ) ;
#49 = CARTESIAN_POINT ( 'NONE',  ( -64.50000000000000000, 8.000000000000000000, -38.10000000000000142 ) ) ;
#50 = AXIS2_PLACEMENT_3D ( 'NONE', #2038, #2203, #1695 ) ;
#51 = ORIENTED_EDGE ( 'NONE', *, *, #1465, .T. ) ;
#52 = PLANE ( 'NONE',  #1272 ) ;
#53 = ADVANCED_FACE ( 'NONE', ( #294 ), #1852, .F. ) ;
#54 = CIRCLE ( 'NONE', #126, 4.999999999999997335 ) ;
#55 = CARTESIAN_POINT ( 'NONE',  ( 64.49999999999997158, 65.00000000000000000, -50.50000000000000000 ) ) ;
#56 = CARTESIAN_POINT ( 'NONE',  ( -61.50000000000000000, 70.00000000000000000, 54.50000000000000000 ) ) ;
#57 = EDGE_LOOP ( 'NONE', ( #657, #157, #1604, #401 ) ) ;
#58 = DIRECTION ( 'NONE',  ( 0.000000000000000000, 0.000000000000000000, 1.000000000000000000 ) ) ;
#59 = ORIENTED_EDGE ( 'NONE', *, *, #1625, .T. ) ;
#60 = ORIENTED_EDGE ( 'NONE', *, *, #1998, .F. ) ;
#61 = LINE ( 'NONE', #1431, #2154 ) ;
#62 = ADVANCED_FACE ( 'NONE', ( #145 ), #632, .T. ) ;
#63 = LINE ( 'NONE', #55, #1763 ) ;
#64 = DIRECTION ( 'NONE',  ( 0.000000000000000000, -1.000000000000000000, 0.000000000000000000 ) ) ;
#65 = ORIENTED_EDGE ( 'NONE', *, *, #1696, .T. ) ;
#66 = CARTESIAN_POINT ( 'NONE',  ( -60.50000000000002132, 65.00000000000000000, -42.50000000000000000 ) ) ;
#67 = DIRECTION ( 'NONE',  ( -1.000000000000000000, 4.313431103236776917E-15, 5.734623061080353420E-17 ) ) ;
#68 = EDGE_LOOP ( 'NONE', ( #1119, #777, #1200, #1670 ) ) ;
#69 = EDGE_LOOP ( 'NONE', ( #1483, #1794, #696, #1390 ) ) ;
#70 = LINE ( 'NONE', #785, #479 ) ;
#71 = EDGE_CURVE ( 'NONE', #1114, #1637, #666, .T. ) ;
#72 = DIRECTION ( 'NONE',  ( -1.000000000000000000, -0.000000000000000000, -0.000000000000000000 ) ) ;
#73 = CARTESIAN_POINT ( 'NONE',  ( 64.50000000000000000, 3.000000000000002665, 57.50000000000000000 ) ) ;
#74 = EDGE_LOOP ( 'NONE', ( #1083, #2076, #526, #2003 ) ) ;
#75 = DIRECTION ( 'NONE',  ( 1.374038396813312538E-16, -0.000000000000000000, 1.000000000000000000 ) ) ;
#76 = ADVANCED_FACE ( 'NONE', ( #1193 ), #649, .F. ) ;
#77 = VECTOR ( 'NONE', #20, 1000.000000000000000 ) ;
#78 = CARTESIAN_POINT ( 'NONE',  ( -60.50000000000000711, 5.000000000000004441, 50.50000000000000000 ) ) ;
#79 = ORIENTED_EDGE ( 'NONE', *, *, #2032, .F. ) ;
#80 = AXIS2_PLACEMENT_3D ( 'NONE', #1342, #2169, #1661 ) ;
#81 = CARTESIAN_POINT ( 'NONE',  ( -64.50000000000000000, 8.000000000000000000, -36.10000000000000142 ) ) ;
#82 = VERTEX_POINT ( 'NONE', #1528 ) ;
#83 = AXIS2_PLACEMENT_3D ( 'NONE', #179, #1394, #727 ) ;
#84 = FACE_OUTER_BOUND ( 'NONE', #1675, .T. ) ;
#85 = AXIS2_PLACEMENT_3D ( 'NONE', #566, #402, #1252 ) ;
#86 = DIRECTION ( 'NONE',  ( 0.000000000000000000, 0.000000000000000000, -1.000000000000000000 ) ) ;
#87 = DIRECTION ( 'NONE',  ( 0.000000000000000000, 0.000000000000000000, -1.000000000000000000 ) ) ;
#88 = AXIS2_PLACEMENT_3D ( 'NONE', #677, #1860, #1673 ) ;
#89 = EDGE_CURVE ( 'NONE', #194, #834, #1943, .T. ) ;
#90 = VECTOR ( 'NONE', #1489, 1000.000000000000000 ) ;
#91 = ORIENTED_EDGE ( 'NONE', *, *, #1018, .F. ) ;
#92 = LINE ( 'NONE', #1287, #1488 ) ;
#93 = EDGE_CURVE ( 'NONE', #43, #406, #1873, .T. ) ;
#94 = LINE ( 'NONE', #454, #1725 ) ;
#95 = ORIENTED_EDGE ( 'NONE', *, *, #1068, .F. ) ;
#96 = LINE ( 'NONE', #818, #379 ) ;
#97 = ORIENTED_EDGE ( 'NONE', *, *, #1967, .F. ) ;
#98 = FACE_BOUND ( 'NONE', #1297, .T. ) ;
#99 = CARTESIAN_POINT ( 'NONE',  ( 64.50000000000001421, 0.000000000000000000, 54.50000000000000000 ) ) ;
#100 = DIRECTION ( 'NONE',  ( -1.000000000000000000, 0.000000000000000000, 0.000000000000000000 ) ) ;
#101 = ORIENTED_EDGE ( 'NONE', *, *, #606, .T. ) ;
#102 = DIRECTION ( 'NONE',  ( -1.000000000000000000, 0.000000000000000000, -0.000000000000000000 ) ) ;
#103 = CARTESIAN_POINT ( 'NONE',  ( 64.50000000000000000, 67.00000000000000000, -1.556725762789621534E-14 ) ) ;
#104 = ADVANCED_FACE ( 'NONE', ( #814 ), #369, .T. ) ;
#105 = ORIENTED_EDGE ( 'NONE', *, *, #654, .T. ) ;
#106 = DIRECTION ( 'NONE',  ( -1.000000000000000000, 0.000000000000000000, 0.000000000000000000 ) ) ;
#107 = ORIENTED_EDGE ( 'NONE', *, *, #890, .T. ) ;
#108 = DIRECTION ( 'NONE',  ( -0.000000000000000000, -1.000000000000000000, -0.000000000000000000 ) ) ;
#109 = FACE_OUTER_BOUND ( 'NONE', #1843, .T. ) ;
#110 = VERTEX_POINT ( 'NONE', #641 ) ;
#111 = FACE_OUTER_BOUND ( 'NONE', #318, .T. ) ;
#112 = DIRECTION ( 'NONE',  ( 1.000000000000000000, -0.000000000000000000, 0.000000000000000000 ) ) ;
#113 = ORIENTED_EDGE ( 'NONE', *, *, #1746, .F. ) ;
#114 = ADVANCED_FACE ( 'NONE', ( #870 ), #540, .F. ) ;
#115 = AXIS2_PLACEMENT_3D ( 'NONE', #887, #28, #58 ) ;
#116 = DIRECTION ( 'NONE',  ( 0.000000000000000000, -1.000000000000000000, 0.000000000000000000 ) ) ;
#117 = ORIENTED_EDGE ( 'NONE', *, *, #1925, .F. ) ;
#118 = VECTOR ( 'NONE', #72, 1000.000000000000000 ) ;
#119 = EDGE_CURVE ( 'NONE', #1131, #1701, #1058, .T. ) ;
#120 = CARTESIAN_POINT ( 'NONE',  ( -60.50000000000000711, 70.00000000000000000, 50.50000000000000000 ) ) ;
#121 = FACE_OUTER_BOUND ( 'NONE', #2208, .T. ) ;
#122 = VECTOR ( 'NONE', #1672, 1000.000000000000000 ) ;
#123 = VECTOR ( 'NONE', #826, 1000.000000000000000 ) ;
#124 = DIRECTION ( 'NONE',  ( 0.000000000000000000, 0.000000000000000000, 1.000000000000000000 ) ) ;
#125 = LINE ( 'NONE', #1676, #123 ) ;
#126 = AXIS2_PLACEMENT_3D ( 'NONE', #191, #1716, #1059 ) ;
#127 =( NAMED_UNIT ( * ) PLANE_ANGLE_UNIT ( ) SI_UNIT ( $, .RADIAN. ) );
#128 = EDGE_LOOP ( 'NONE', ( #1439, #1092, #1371, #3 ) ) ;
#129 = LINE ( 'NONE', #979, #2197 ) ;
#130 = VERTEX_POINT ( 'NONE', #1747 ) ;
#131 = EDGE_CURVE ( 'NONE', #443, #474, #891, .T. ) ;
#132 = LINE ( 'NONE', #291, #1271 ) ;
#133 = CARTESIAN_POINT ( 'NONE',  ( 0.000000000000000000, 43.50000000000000000, -57.50000000000000000 ) ) ;
#134 = ORIENTED_EDGE ( 'NONE', *, *, #1696, .F. ) ;
#135 = CYLINDRICAL_SURFACE ( 'NONE', #16, 3.000000000000002665 ) ;
#136 = PLANE ( 'NONE',  #1623 ) ;
#137 = APPLICATION_PROTOCOL_DEFINITION ( 'draft international standard', 'automotive_design', 1998, #271 ) ;
#138 = VERTEX_POINT ( 'NONE', #221 ) ;
#139 = LINE ( 'NONE', #2194, #919 ) ;
#140 = CARTESIAN_POINT ( 'NONE',  ( -61.50000000000000000, 3.000000000000002665, -54.50000000000000000 ) ) ;
#141 = ORIENTED_EDGE ( 'NONE', *, *, #341, .T. ) ;
#142 = PLANE ( 'NONE',  #1383 ) ;
#143 = LINE ( 'NONE', #327, #1417 ) ;
#144 = EDGE_CURVE ( 'NONE', #531, #130, #1738, .T. ) ;
#145 = FACE_OUTER_BOUND ( 'NONE', #806, .T. ) ;
#146 = FACE_OUTER_BOUND ( 'NONE', #931, .T. ) ;
#147 = ORIENTED_EDGE ( 'NONE', *, *, #890, .F. ) ;
#148 = ADVANCED_FACE ( 'NONE', ( #1755 ), #1901, .F. ) ;
#149 = LINE ( 'NONE', #828, #230 ) ;
#150 = DIRECTION ( 'NONE',  ( 0.000000000000000000, 1.000000000000000000, 0.000000000000000000 ) ) ;
#151 = ORIENTED_EDGE ( 'NONE', *, *, #160, .F. ) ;
#152 = VECTOR ( 'NONE', #46, 1000.000000000000000 ) ;
#153 = PRODUCT_DEFINITION_FORMATION_WITH_SPECIFIED_SOURCE ( 'ANY', '', #1924, .NOT_KNOWN. ) ;
#154 = CARTESIAN_POINT ( 'NONE',  ( -60.50000000000002132, 65.00000000000000000, -50.50000000000000000 ) ) ;
#155 = DIRECTION ( 'NONE',  ( -1.000000000000000000, 0.000000000000000000, 5.738171702200635624E-17 ) ) ;
#156 = AXIS2_PLACEMENT_3D ( 'NONE', #203, #1566, #719 ) ;
#157 = ORIENTED_EDGE ( 'NONE', *, *, #1819, .T. ) ;
#158 = CARTESIAN_POINT ( 'NONE',  ( -60.49999999999998579, 65.00000000000000000, 50.50000000000000000 ) ) ;
#159 = DIRECTION ( 'NONE',  ( -1.000000000000000000, 0.000000000000000000, -0.000000000000000000 ) ) ;
#160 = EDGE_CURVE ( 'NONE', #410, #1487, #1402, .T. ) ;
#161 = AXIS2_PLACEMENT_3D ( 'NONE', #349, #1412, #1215 ) ;
#162 = AXIS2_PLACEMENT_3D ( 'NONE', #1127, #1995, #2145 ) ;
#163 = CARTESIAN_POINT ( 'NONE',  ( 60.38768043472764191, 30.00000000000000000, 46.00000000000000711 ) ) ;
#164 = VERTEX_POINT ( 'NONE', #550 ) ;
#165 = CARTESIAN_POINT ( 'NONE',  ( 60.38768043472764191, 25.50000000000000000, 46.00000000000000711 ) ) ;
#166 = EDGE_CURVE ( 'NONE', #1679, #178, #843, .T. ) ;
#167 = AXIS2_PLACEMENT_3D ( 'NONE', #546, #909, #1605 ) ;
#168 = CARTESIAN_POINT ( 'NONE',  ( -60.50000000000002132, 55.00000000000000000, -50.50000000000000000 ) ) ;
#169 = ORIENTED_EDGE ( 'NONE', *, *, #2099, .T. ) ;
#170 = FACE_BOUND ( 'NONE', #2193, .T. ) ;
#171 = ORIENTED_EDGE ( 'NONE', *, *, #285, .F. ) ;
#172 = ORIENTED_EDGE ( 'NONE', *, *, #1040, .F. ) ;
#173 = DIRECTION ( 'NONE',  ( -0.000000000000000000, 1.000000000000000000, -0.000000000000000000 ) ) ;
#174 = ORIENTED_EDGE ( 'NONE', *, *, #1888, .F. ) ;
#175 = LINE ( 'NONE', #1887, #1555 ) ;
#176 = EDGE_CURVE ( 'NONE', #474, #457, #1546, .T. ) ;
#177 = CARTESIAN_POINT ( 'NONE',  ( -60.49999999999998579, 65.00000000000000000, 42.50000000000000000 ) ) ;
#178 = VERTEX_POINT ( 'NONE', #211 ) ;
#179 = CARTESIAN_POINT ( 'NONE',  ( 57.50000000000000000, 34.31636524531450050, 26.20929227999030076 ) ) ;
#180 = ADVANCED_FACE ( 'NONE', ( #12 ), #1216, .F. ) ;
#181 = CARTESIAN_POINT ( 'NONE',  ( 67.50000000000000000, 34.31636524531450050, 26.20929227999030076 ) ) ;
#182 = LINE ( 'NONE', #534, #1669 ) ;
#183 = ORIENTED_EDGE ( 'NONE', *, *, #473, .F. ) ;
#184 = FACE_OUTER_BOUND ( 'NONE', #1649, .T. ) ;
#185 = CARTESIAN_POINT ( 'NONE',  ( -61.50000000000000000, 67.00000000000000000, 54.50000000000000000 ) ) ;
#186 = VERTEX_POINT ( 'NONE', #1415 ) ;
#187 = EDGE_CURVE ( 'NONE', #1965, #321, #45, .T. ) ;
#188 = DIRECTION ( 'NONE',  ( 1.000000000000000000, -0.000000000000000000, -0.000000000000000000 ) ) ;
#189 = VECTOR ( 'NONE', #1640, 1000.000000000000000 ) ;
#190 = DIRECTION ( 'NONE',  ( 0.000000000000000000, -0.000000000000000000, -1.000000000000000000 ) ) ;
#191 = CARTESIAN_POINT ( 'NONE',  ( 60.50000000000000000, 34.31636524531450050, 26.20929227999030076 ) ) ;
#192 = CIRCLE ( 'NONE', #804, 3.000000000000002665 ) ;
#193 = AXIS2_PLACEMENT_3D ( 'NONE', #742, #1777, #1267 ) ;
#194 = VERTEX_POINT ( 'NONE', #1036 ) ;
#195 = DIRECTION ( 'NONE',  ( 0.000000000000000000, 0.000000000000000000, -1.000000000000000000 ) ) ;
#196 = AXIS2_PLACEMENT_3D ( 'NONE', #1048, #1405, #195 ) ;
#197 = DIRECTION ( 'NONE',  ( 0.000000000000000000, 0.000000000000000000, 1.000000000000000000 ) ) ;
#198 = ORIENTED_EDGE ( 'NONE', *, *, #1333, .F. ) ;
#199 = AXIS2_PLACEMENT_3D ( 'NONE', #1561, #710, #1046 ) ;
#200 = CIRCLE ( 'NONE', #487, 3.000000000000002665 ) ;
#201 = DIRECTION ( 'NONE',  ( -1.000000000000000000, 0.000000000000000000, 0.000000000000000000 ) ) ;
#202 = CARTESIAN_POINT ( 'NONE',  ( -60.49999999999996447, 30.00000000000000000, -50.50000000000000000 ) ) ;
#203 = CARTESIAN_POINT ( 'NONE',  ( 60.38768043472764191, 30.00000000000000000, 46.00000000000000711 ) ) ;
#204 = CARTESIAN_POINT ( 'NONE',  ( -40.99999999999999289, 7.128220211291822928, 39.89999999999999858 ) ) ;
#205 = EDGE_CURVE ( 'NONE', #451, #2093, #533, .T. ) ;
#206 = ORIENTED_EDGE ( 'NONE', *, *, #298, .T. ) ;
#207 = EDGE_CURVE ( 'NONE', #707, #410, #1926, .T. ) ;
#208 = DIRECTION ( 'NONE',  ( 0.000000000000000000, 1.000000000000000000, 0.000000000000000000 ) ) ;
#209 = ORIENTED_EDGE ( 'NONE', *, *, #584, .F. ) ;
#210 = ORIENTED_EDGE ( 'NONE', *, *, #1372, .T. ) ;
#211 = CARTESIAN_POINT ( 'NONE',  ( -64.50000000000000000, 8.000000000000000000, -40.10000000000000142 ) ) ;
#212 = DIRECTION ( 'NONE',  ( 1.000000000000000000, 0.000000000000000000, -2.413528314402508173E-16 ) ) ;
#213 = ADVANCED_FACE ( 'NONE', ( #389 ), #4, .F. ) ;
#214 = ORIENTED_EDGE ( 'NONE', *, *, #1740, .T. ) ;
#215 = EDGE_CURVE ( 'NONE', #838, #1085, #261, .T. ) ;
#216 = CARTESIAN_POINT ( 'NONE',  ( 60.38768043472764191, 25.50000000000000000, 46.00000000000000711 ) ) ;
#217 = EDGE_LOOP ( 'NONE', ( #1857, #209, #60, #933 ) ) ;
#218 = DIRECTION ( 'NONE',  ( 0.000000000000000000, 0.000000000000000000, 1.000000000000000000 ) ) ;
#219 = EDGE_LOOP ( 'NONE', ( #824, #688 ) ) ;
#220 = DIRECTION ( 'NONE',  ( -1.000000000000000000, -0.000000000000000000, -0.000000000000000000 ) ) ;
#221 = CARTESIAN_POINT ( 'NONE',  ( 64.49999999999997158, 70.00000000000000000, -8.999999999999937828 ) ) ;
#222 = DIRECTION ( 'NONE',  ( 1.000000000000000000, 0.000000000000000000, 0.000000000000000000 ) ) ;
#223 = VECTOR ( 'NONE', #623, 1000.000000000000000 ) ;
#224 = VERTEX_POINT ( 'NONE', #709 ) ;
#225 = CARTESIAN_POINT ( 'NONE',  ( 64.49999999999998579, 70.00000000000000000, 10.00000000000000178 ) ) ;
#226 = ADVANCED_FACE ( 'NONE', ( #1395 ), #521, .F. ) ;
#227 = ORIENTED_EDGE ( 'NONE', *, *, #1260, .F. ) ;
#228 = AXIS2_PLACEMENT_3D ( 'NONE', #2018, #856, #1032 ) ;
#229 = CARTESIAN_POINT ( 'NONE',  ( 64.49999999999998579, 3.000000000000002665, -54.50000000000000000 ) ) ;
#230 = VECTOR ( 'NONE', #344, 1000.000000000000000 ) ;
#231 = VERTEX_POINT ( 'NONE', #1635 ) ;
#232 = CARTESIAN_POINT ( 'NONE',  ( -40.99999999999999289, 52.00000000000000000, -36.10000000000000142 ) ) ;
#233 = CIRCLE ( 'NONE', #1769, 2.000000000000001776 ) ;
#234 = DIRECTION ( 'NONE',  ( -2.413528314402514090E-16, 0.000000000000000000, -1.000000000000000000 ) ) ;
#235 = CARTESIAN_POINT ( 'NONE',  ( 64.50000000000001421, 3.000000000000002665, 54.50000000000000000 ) ) ;
#236 = ORIENTED_EDGE ( 'NONE', *, *, #1900, .T. ) ;
#237 = CARTESIAN_POINT ( 'NONE',  ( 60.38768043472764191, 30.00000000000000000, 50.50000000000000000 ) ) ;
#238 = ORIENTED_EDGE ( 'NONE', *, *, #44, .T. ) ;
#239 = EDGE_CURVE ( 'NONE', #1904, #585, #618, .T. ) ;
#240 = DIRECTION ( 'NONE',  ( 0.000000000000000000, 0.000000000000000000, 1.000000000000000000 ) ) ;
#241 = ORIENTED_EDGE ( 'NONE', *, *, #1571, .F. ) ;
#242 = DIRECTION ( 'NONE',  ( -1.000000000000000000, -0.000000000000000000, -0.000000000000000000 ) ) ;
#243 = EDGE_CURVE ( 'NONE', #1114, #138, #1620, .T. ) ;
#244 = DIRECTION ( 'NONE',  ( 2.413528314402514090E-16, -0.000000000000000000, 1.000000000000000000 ) ) ;
#245 = PLANE ( 'NONE',  #412 ) ;
#246 = VERTEX_POINT ( 'NONE', #1258 ) ;
#247 = CARTESIAN_POINT ( 'NONE',  ( -40.99999999999999289, 55.00000000000000000, 0.000000000000000000 ) ) ;
#248 = FACE_OUTER_BOUND ( 'NONE', #1397, .T. ) ;
#249 = EDGE_LOOP ( 'NONE', ( #350, #2080, #692, #1360 ) ) ;
#250 = CARTESIAN_POINT ( 'NONE',  ( 64.49999999999998579, 65.00000000000000000, 50.50000000000000000 ) ) ;
#251 = EDGE_LOOP ( 'NONE', ( #864, #753, #772, #415 ) ) ;
#252 = EDGE_CURVE ( 'NONE', #2127, #1011, #1269, .T. ) ;
#253 = CARTESIAN_POINT ( 'NONE',  ( -56.75582596964623150, 65.00000000000000000, -42.50000000000000000 ) ) ;
#254 = CARTESIAN_POINT ( 'NONE',  ( -56.05224828740450249, 65.00000000000000000, 42.50000000000000000 ) ) ;
#255 = CARTESIAN_POINT ( 'NONE',  ( -61.50000000000000000, 67.00000000000000000, -54.50000000000000000 ) ) ;
#256 = EDGE_LOOP ( 'NONE', ( #609, #1932, #615, #1317 ) ) ;
#257 = CARTESIAN_POINT ( 'NONE',  ( -60.50000000000002132, 8.000000000000000000, -38.10000000000000142 ) ) ;
#258 = VECTOR ( 'NONE', #1782, 1000.000000000000000 ) ;
#259 = LINE ( 'NONE', #1986, #438 ) ;
#260 = EDGE_LOOP ( 'NONE', ( #577, #467, #929, #1720 ) ) ;
#261 = CIRCLE ( 'NONE', #404, 3.000000000000002665 ) ;
#262 = LINE ( 'NONE', #1327, #1810 ) ;
#263 = EDGE_LOOP ( 'NONE', ( #1918, #1328, #574 ) ) ;
#264 = AXIS2_PLACEMENT_3D ( 'NONE', #1257, #1935, #1618 ) ;
#265 = FACE_OUTER_BOUND ( 'NONE', #300, .T. ) ;
#266 = AXIS2_PLACEMENT_3D ( 'NONE', #1686, #667, #1359 ) ;
#267 = LINE ( 'NONE', #398, #1443 ) ;
#268 = CARTESIAN_POINT ( 'NONE',  ( -60.49999999999997158, 25.41568567064863515, -46.00000000000000711 ) ) ;
#269 = EDGE_CURVE ( 'NONE', #1592, #364, #2097, .T. ) ;
#270 = AXIS2_PLACEMENT_3D ( 'NONE', #420, #1301, #106 ) ;
#271 = APPLICATION_CONTEXT ( 'automotive_design' ) ;
#272 = ORIENTED_EDGE ( 'NONE', *, *, #288, .F. ) ;
#273 = EDGE_CURVE ( 'NONE', #1154, #799, #267, .T. ) ;
#274 = CARTESIAN_POINT ( 'NONE',  ( -61.50000000000000000, 3.000000000000002665, -54.50000000000000000 ) ) ;
#275 = DIRECTION ( 'NONE',  ( 0.000000000000000000, 0.000000000000000000, 1.000000000000000000 ) ) ;
#276 = ORIENTED_EDGE ( 'NONE', *, *, #1122, .T. ) ;
#277 = ADVANCED_FACE ( 'NONE', ( #596 ), #572, .T. ) ;
#278 = LINE ( 'NONE', #1477, #852 ) ;
#279 = VERTEX_POINT ( 'NONE', #927 ) ;
#280 = LINE ( 'NONE', #1303, #660 ) ;
#281 = DIRECTION ( 'NONE',  ( 1.374038396813312538E-16, 0.000000000000000000, 1.000000000000000000 ) ) ;
#282 = FACE_OUTER_BOUND ( 'NONE', #1097, .T. ) ;
#283 = ORIENTED_EDGE ( 'NONE', *, *, #1928, .T. ) ;
#284 = CARTESIAN_POINT ( 'NONE',  ( -64.50000000000000000, 3.000000000000000000, -54.50000000000000000 ) ) ;
#285 = EDGE_CURVE ( 'NONE', #1114, #834, #2106, .T. ) ;
#286 = PLANE ( 'NONE',  #475 ) ;
#287 = ORIENTED_EDGE ( 'NONE', *, *, #1437, .F. ) ;
#288 = EDGE_CURVE ( 'NONE', #194, #385, #1345, .T. ) ;
#289 = LINE ( 'NONE', #299, #1063 ) ;
#290 = ORIENTED_EDGE ( 'NONE', *, *, #1463, .T. ) ;
#291 = CARTESIAN_POINT ( 'NONE',  ( -67.50000000000000000, 3.000000000000002665, 57.50000000000000000 ) ) ;
#292 = CARTESIAN_POINT ( 'NONE',  ( 60.49999999999999289, 5.000000000000000000, -50.50000000000000000 ) ) ;
#293 = ORIENTED_EDGE ( 'NONE', *, *, #24, .T. ) ;
#294 = FACE_OUTER_BOUND ( 'NONE', #217, .T. ) ;
#295 = CARTESIAN_POINT ( 'NONE',  ( -64.50000000000000000, 4.999999999999998224, -35.09999999999999432 ) ) ;
#296 = VERTEX_POINT ( 'NONE', #1088 ) ;
#297 = CIRCLE ( 'NONE', #875, 2.000000000000001776 ) ;
#298 = EDGE_CURVE ( 'NONE', #361, #1382, #766, .T. ) ;
#299 = CARTESIAN_POINT ( 'NONE',  ( 60.38768043472764191, 30.00000000000000000, 46.00000000000000711 ) ) ;
#300 = EDGE_LOOP ( 'NONE', ( #337, #1717, #1993, #1633, #1300, #91, #954, #1752, #1823, #725, #1393, #6, #465, #1898, #2068, #1357, #1743, #1368, #1712, #477, #2026, #1341, #1205, #1894 ) ) ;
#301 = VECTOR ( 'NONE', #1936, 1000.000000000000000 ) ;
#302 = CIRCLE ( 'NONE', #1765, 2.000000000000001776 ) ;
#303 = CARTESIAN_POINT ( 'NONE',  ( 39.50000000000000000, 31.50000000000000000, -57.50000000000000000 ) ) ;
#304 = DIRECTION ( 'NONE',  ( -1.000000000000000000, -0.000000000000000000, -0.000000000000000000 ) ) ;
#305 = VECTOR ( 'NONE', #750, 1000.000000000000000 ) ;
#306 = ORIENTED_EDGE ( 'NONE', *, *, #1386, .F. ) ;
#307 = CARTESIAN_POINT ( 'NONE',  ( -61.50000000000000000, 70.00000000000000000, 54.50000000000000000 ) ) ;
#308 = FILL_AREA_STYLE ('',( #1505 ) ) ;
#309 = AXIS2_PLACEMENT_3D ( 'NONE', #399, #64, #87 ) ;
#310 = LINE ( 'NONE', #997, #1870 ) ;
#311 = VERTEX_POINT ( 'NONE', #1458 ) ;
#312 = CARTESIAN_POINT ( 'NONE',  ( 0.000000000000000000, 5.000000000000000000, 50.50000000000000000 ) ) ;
#313 = ORIENTED_EDGE ( 'NONE', *, *, #365, .F. ) ;
#314 = EDGE_CURVE ( 'NONE', #1331, #987, #775, .T. ) ;
#315 = CARTESIAN_POINT ( 'NONE',  ( -64.50000000000000000, 67.00000000000000000, 54.50000000000000000 ) ) ;
#316 = CARTESIAN_POINT ( 'NONE',  ( 39.50000000000000000, 43.50000000000000000, -57.50000000000000000 ) ) ;
#317 = EDGE_CURVE ( 'NONE', #646, #1816, #63, .T. ) ;
#318 = EDGE_LOOP ( 'NONE', ( #1883, #1426, #1817, #283 ) ) ;
#319 = CARTESIAN_POINT ( 'NONE',  ( -60.50000000000002132, 70.00000000000000000, -50.50000000000000000 ) ) ;
#320 = PLANE ( 'NONE',  #663 ) ;
#321 = VERTEX_POINT ( 'NONE', #1588 ) ;
#322 = CARTESIAN_POINT ( 'NONE',  ( 67.50000000000001421, 67.00000000000000000, 50.50000000000000000 ) ) ;
#323 = LINE ( 'NONE', #168, #77 ) ;
#324 = ORIENTED_EDGE ( 'NONE', *, *, #698, .T. ) ;
#325 = EDGE_CURVE ( 'NONE', #1400, #707, #1968, .T. ) ;
#326 = DIRECTION ( 'NONE',  ( 1.374038396813312538E-16, 0.000000000000000000, 1.000000000000000000 ) ) ;
#327 = CARTESIAN_POINT ( 'NONE',  ( 62.50000000000002842, 65.00000000000000000, -8.999999999999937828 ) ) ;
#328 = EDGE_CURVE ( 'NONE', #1783, #2094, #434, .T. ) ;
#329 = LINE ( 'NONE', #307, #1551 ) ;
#330 = CARTESIAN_POINT ( 'NONE',  ( -56.05224828740454512, 55.34797069270403114, 42.50000000000000000 ) ) ;
#331 = ORIENTED_EDGE ( 'NONE', *, *, #252, .T. ) ;
#332 = CARTESIAN_POINT ( 'NONE',  ( -60.50000000000000711, 70.00000000000000000, 46.00000000000000000 ) ) ;
#333 = DIRECTION ( 'NONE',  ( 0.000000000000000000, -1.000000000000000000, -0.000000000000000000 ) ) ;
#334 = ORIENTED_EDGE ( 'NONE', *, *, #1398, .F. ) ;
#335 = VECTOR ( 'NONE', #1299, 1000.000000000000000 ) ;
#336 = CARTESIAN_POINT ( 'NONE',  ( -56.75582596964623150, 65.00000000000000000, -42.50000000000000000 ) ) ;
#337 = ORIENTED_EDGE ( 'NONE', *, *, #453, .T. ) ;
#338 = CARTESIAN_POINT ( 'NONE',  ( 0.000000000000000000, 0.000000000000000000, 54.50000000000000000 ) ) ;
#339 = CARTESIAN_POINT ( 'NONE',  ( 64.50000000000000000, 67.00000000000000000, 57.50000000000000000 ) ) ;
#340 = AXIS2_PLACEMENT_3D ( 'NONE', #1191, #1691, #845 ) ;
#341 = EDGE_CURVE ( 'NONE', #2042, #980, #743, .T. ) ;
#342 = AXIS2_PLACEMENT_3D ( 'NONE', #1496, #851, #486 ) ;
#343 = ORIENTED_EDGE ( 'NONE', *, *, #144, .F. ) ;
#344 = DIRECTION ( 'NONE',  ( 2.413528314402514090E-16, -0.000000000000000000, 1.000000000000000000 ) ) ;
#345 = VECTOR ( 'NONE', #1425, 1000.000000000000000 ) ;
#346 = ADVANCED_FACE ( 'NONE', ( #1101 ), #1295, .T. ) ;
#347 = FACE_OUTER_BOUND ( 'NONE', #1949, .T. ) ;
#348 = ORIENTED_EDGE ( 'NONE', *, *, #628, .T. ) ;
#349 = CARTESIAN_POINT ( 'NONE',  ( -61.50000000000000000, 67.00000000000000000, 54.50000000000000000 ) ) ;
#350 = ORIENTED_EDGE ( 'NONE', *, *, #764, .T. ) ;
#351 = DIRECTION ( 'NONE',  ( 1.000000000000000000, 0.000000000000000000, -1.334402673828313339E-16 ) ) ;
#352 = EDGE_CURVE ( 'NONE', #451, #1420, #1609, .T. ) ;
#353 = ORIENTED_EDGE ( 'NONE', *, *, #493, .T. ) ;
#354 = CARTESIAN_POINT ( 'NONE',  ( 64.49999999999998579, 70.00000000000000000, -54.50000000000000000 ) ) ;
#355 = CARTESIAN_POINT ( 'NONE',  ( -60.50000000000002842, 55.34797069270403114, 42.50000000000000711 ) ) ;
#356 = ORIENTED_EDGE ( 'NONE', *, *, #1758, .T. ) ;
#357 = UNCERTAINTY_MEASURE_WITH_UNIT (LENGTH_MEASURE( 1.000000000000000082E-05 ), #522, 'distance_accuracy_value', 'NONE');
#358 = LINE ( 'NONE', #1043, #1622 ) ;
#359 = DIRECTION ( 'NONE',  ( 1.000000000000000000, 0.000000000000000000, 0.000000000000000000 ) ) ;
#360 = LINE ( 'NONE', #204, #1279 ) ;
#361 = VERTEX_POINT ( 'NONE', #99 ) ;
#362 = DIRECTION ( 'NONE',  ( 1.000000000000000000, -0.000000000000000000, 0.000000000000000000 ) ) ;
#363 = DIRECTION ( 'NONE',  ( -1.000000000000000000, 0.000000000000000000, 0.000000000000000000 ) ) ;
#364 = VERTEX_POINT ( 'NONE', #1470 ) ;
#365 = EDGE_CURVE ( 'NONE', #1973, #311, #448, .T. ) ;
#366 = EDGE_CURVE ( 'NONE', #279, #2127, #2174, .T. ) ;
#367 = PLANE ( 'NONE',  #48 ) ;
#368 = VECTOR ( 'NONE', #1263, 1000.000000000000000 ) ;
#369 = SPHERICAL_SURFACE ( 'NONE', #2078, 3.000000000000000000 ) ;
#370 = DIRECTION ( 'NONE',  ( -3.083952846180990281E-16, 0.000000000000000000, -1.000000000000000000 ) ) ;
#371 = VECTOR ( 'NONE', #281, 1000.000000000000000 ) ;
#372 = AXIS2_PLACEMENT_3D ( 'NONE', #2105, #242, #1786 ) ;
#373 = EDGE_LOOP ( 'NONE', ( #2103, #535, #598, #1159 ) ) ;
#374 = LINE ( 'NONE', #713, #524 ) ;
#375 = AXIS2_PLACEMENT_3D ( 'NONE', #257, #1461, #5 ) ;
#376 = DIRECTION ( 'NONE',  ( 0.000000000000000000, 0.000000000000000000, 1.000000000000000000 ) ) ;
#377 = ORIENTED_EDGE ( 'NONE', *, *, #601, .F. ) ;
#378 = VECTOR ( 'NONE', #1969, 1000.000000000000000 ) ;
#379 = VECTOR ( 'NONE', #1466, 1000.000000000000000 ) ;
#380 = EDGE_CURVE ( 'NONE', #652, #626, #503, .T. ) ;
#381 = LINE ( 'NONE', #517, #1877 ) ;
#382 = DIRECTION ( 'NONE',  ( -1.000000000000000000, 0.000000000000000000, 3.083952846180990281E-16 ) ) ;
#383 = LINE ( 'NONE', #1237, #847 ) ;
#384 = EDGE_CURVE ( 'NONE', #406, #321, #1493, .T. ) ;
#385 = VERTEX_POINT ( 'NONE', #1859 ) ;
#386 = DIRECTION ( 'NONE',  ( 2.413528314402514090E-16, -0.000000000000000000, 1.000000000000000000 ) ) ;
#387 = ORIENTED_EDGE ( 'NONE', *, *, #187, .F. ) ;
#388 = ORIENTED_EDGE ( 'NONE', *, *, #1007, .F. ) ;
#389 = FACE_OUTER_BOUND ( 'NONE', #373, .T. ) ;
#390 = FACE_OUTER_BOUND ( 'NONE', #2008, .T. ) ;
#391 = ADVANCED_FACE ( 'NONE', ( #1365 ), #1525, .F. ) ;
#392 = EDGE_LOOP ( 'NONE', ( #147, #1871, #1709, #1261 ) ) ;
#393 = CARTESIAN_POINT ( 'NONE',  ( 60.38768043472764191, 25.50000000000000000, 50.50000000000000000 ) ) ;
#394 = ORIENTED_EDGE ( 'NONE', *, *, #1639, .T. ) ;
#395 = ORIENTED_EDGE ( 'NONE', *, *, #1708, .F. ) ;
#396 = FACE_BOUND ( 'NONE', #1594, .T. ) ;
#397 = AXIS2_PLACEMENT_3D ( 'NONE', #1689, #150, #841 ) ;
#398 = CARTESIAN_POINT ( 'NONE',  ( 67.49999999999998579, 3.000000000000002665, -57.50000000000000000 ) ) ;
#399 = CARTESIAN_POINT ( 'NONE',  ( -60.49999999999998579, 65.00000000000000000, 42.50000000000000000 ) ) ;
#400 = CIRCLE ( 'NONE', #1693, 3.000000000000002665 ) ;
#401 = ORIENTED_EDGE ( 'NONE', *, *, #1683, .F. ) ;
#402 = DIRECTION ( 'NONE',  ( -1.000000000000000000, -0.000000000000000000, -0.000000000000000000 ) ) ;
#403 = EDGE_CURVE ( 'NONE', #958, #457, #1500, .T. ) ;
#404 = AXIS2_PLACEMENT_3D ( 'NONE', #1375, #880, #1560 ) ;
#405 = FACE_BOUND ( 'NONE', #69, .T. ) ;
#406 = VERTEX_POINT ( 'NONE', #629 ) ;
#407 = AXIS2_PLACEMENT_3D ( 'NONE', #1745, #718, #708 ) ;
#408 = ADVANCED_FACE ( 'NONE', ( #1338 ), #1849, .T. ) ;
#409 = AXIS2_PLACEMENT_3D ( 'NONE', #1220, #895, #2077 ) ;
#410 = VERTEX_POINT ( 'NONE', #2011 ) ;
#411 = CARTESIAN_POINT ( 'NONE',  ( -60.50000000000002132, 70.00000000000000000, -50.50000000000000000 ) ) ;
#412 = AXIS2_PLACEMENT_3D ( 'NONE', #1790, #1320, #1610 ) ;
#413 = DIRECTION ( 'NONE',  ( 1.374038396813312538E-16, 0.000000000000000000, 1.000000000000000000 ) ) ;
#414 = LINE ( 'NONE', #1102, #378 ) ;
#415 = ORIENTED_EDGE ( 'NONE', *, *, #1977, .F. ) ;
#416 = DIRECTION ( 'NONE',  ( 0.000000000000000000, -0.000000000000000000, 1.000000000000000000 ) ) ;
#417 = EDGE_CURVE ( 'NONE', #1464, #2042, #1835, .T. ) ;
#418 = DIRECTION ( 'NONE',  ( 1.000000000000000000, 0.000000000000000000, -2.413528314402508173E-16 ) ) ;
#419 = VERTEX_POINT ( 'NONE', #2200 ) ;
#420 = CARTESIAN_POINT ( 'NONE',  ( -61.50000000000000000, 3.000000000000000000, -54.50000000000000000 ) ) ;
#421 = EDGE_LOOP ( 'NONE', ( #1569, #579, #1941, #1047, #1776, #324, #2179, #356 ) ) ;
#422 = DIRECTION ( 'NONE',  ( 1.000000000000000000, 0.000000000000000000, 0.000000000000000000 ) ) ;
#423 = DIRECTION ( 'NONE',  ( -0.000000000000000000, 1.000000000000000000, 0.000000000000000000 ) ) ;
#424 = DIRECTION ( 'NONE',  ( -1.000000000000000000, -0.000000000000000000, -0.000000000000000000 ) ) ;
#425 = EDGE_LOOP ( 'NONE', ( #2158, #1848, #2173, #1522 ) ) ;
#426 = DIRECTION ( 'NONE',  ( 1.000000000000000000, -0.000000000000000000, -3.083952846180990281E-16 ) ) ;
#427 = CARTESIAN_POINT ( 'NONE',  ( -60.50000000000002132, 61.00000000000000000, -50.50000000000000000 ) ) ;
#428 = ORIENTED_EDGE ( 'NONE', *, *, #1235, .T. ) ;
#429 = LINE ( 'NONE', #783, #2122 ) ;
#430 = VERTEX_POINT ( 'NONE', #303 ) ;
#431 = DIRECTION ( 'NONE',  ( 2.413528314402514090E-16, -0.000000000000000000, 1.000000000000000000 ) ) ;
#432 = ADVANCED_FACE ( 'NONE', ( #993 ), #1990, .T. ) ;
#433 = EDGE_CURVE ( 'NONE', #1404, #178, #1868, .T. ) ;
#434 = LINE ( 'NONE', #2132, #658 ) ;
#435 = DIRECTION ( 'NONE',  ( 0.000000000000000000, -1.000000000000000000, 0.000000000000000000 ) ) ;
#436 = VERTEX_POINT ( 'NONE', #315 ) ;
#437 = DIRECTION ( 'NONE',  ( 0.000000000000000000, 0.000000000000000000, -1.000000000000000000 ) ) ;
#438 = VECTOR ( 'NONE', #976, 1000.000000000000000 ) ;
#439 = CARTESIAN_POINT ( 'NONE',  ( 64.49999999999998579, 0.000000000000000000, -54.50000000000000000 ) ) ;
#440 = ORIENTED_EDGE ( 'NONE', *, *, #945, .T. ) ;
#441 = VECTOR ( 'NONE', #607, 1000.000000000000000 ) ;
#442 = DIRECTION ( 'NONE',  ( 1.560090210129567087E-15, 7.189051838727894146E-16, 1.000000000000000000 ) ) ;
#443 = VERTEX_POINT ( 'NONE', #1646 ) ;
#444 = VECTOR ( 'NONE', #468, 1000.000000000000000 ) ;
#445 = DIRECTION ( 'NONE',  ( 2.413528314402514090E-16, -0.000000000000000000, 1.000000000000000000 ) ) ;
#446 = VECTOR ( 'NONE', #2177, 1000.000000000000000 ) ;
#447 = EDGE_CURVE ( 'NONE', #246, #1596, #831, .T. ) ;
#448 = LINE ( 'NONE', #1137, #2117 ) ;
#449 = PLANE ( 'NONE',  #1914 ) ;
#450 = VECTOR ( 'NONE', #1296, 1000.000000000000000 ) ;
#451 = VERTEX_POINT ( 'NONE', #1681 ) ;
#452 = FACE_OUTER_BOUND ( 'NONE', #256, .T. ) ;
#453 = EDGE_CURVE ( 'NONE', #1564, #33, #1001, .T. ) ;
#454 = CARTESIAN_POINT ( 'NONE',  ( -64.50000000000000000, 0.000000000000000000, 39.89999999999999858 ) ) ;
#455 = ORIENTED_EDGE ( 'NONE', *, *, #2155, .F. ) ;
#456 = LINE ( 'NONE', #2149, #2088 ) ;
#457 = VERTEX_POINT ( 'NONE', #154 ) ;
#458 = CARTESIAN_POINT ( 'NONE',  ( -60.50000000000000000, 65.00000000000000000, -42.50000000000000000 ) ) ;
#459 = DIRECTION ( 'NONE',  ( 1.513616520464253089E-15, 1.000000000000000000, 0.000000000000000000 ) ) ;
#460 = EDGE_LOOP ( 'NONE', ( #2052, #236, #1042, #784 ) ) ;
#461 = ORIENTED_EDGE ( 'NONE', *, *, #1111, .F. ) ;
#462 = PLANE ( 'NONE',  #992 ) ;
#463 = ADVANCED_FACE ( 'NONE', ( #796 ), #142, .T. ) ;
#464 = CARTESIAN_POINT ( 'NONE',  ( 67.50000000000000000, 34.31636524531450050, 26.20929227999030076 ) ) ;
#465 = ORIENTED_EDGE ( 'NONE', *, *, #1928, .F. ) ;
#466 = CARTESIAN_POINT ( 'NONE',  ( 6.500000000000000000, 31.50000000000000000, -50.50000000000000000 ) ) ;
#467 = ORIENTED_EDGE ( 'NONE', *, *, #403, .F. ) ;
#468 = DIRECTION ( 'NONE',  ( 1.000000000000000000, -0.000000000000000000, -1.334402673828313339E-16 ) ) ;
#469 = LINE ( 'NONE', #823, #1703 ) ;
#470 = ORIENTED_EDGE ( 'NONE', *, *, #1079, .F. ) ;
#471 = DIRECTION ( 'NONE',  ( 0.000000000000000000, 0.000000000000000000, 1.000000000000000000 ) ) ;
#472 = FACE_OUTER_BOUND ( 'NONE', #1065, .T. ) ;
#473 = EDGE_CURVE ( 'NONE', #626, #1382, #132, .T. ) ;
#474 = VERTEX_POINT ( 'NONE', #981 ) ;
#475 = AXIS2_PLACEMENT_3D ( 'NONE', #853, #1506, #2007 ) ;
#476 = DIRECTION ( 'NONE',  ( 0.000000000000000000, 1.000000000000000000, -0.000000000000000000 ) ) ;
#477 = ORIENTED_EDGE ( 'NONE', *, *, #417, .F. ) ;
#478 = ADVANCED_FACE ( 'NONE', ( #1658 ), #810, .T. ) ;
#479 = VECTOR ( 'NONE', #1100, 1000.000000000000000 ) ;
#480 = CARTESIAN_POINT ( 'NONE',  ( -60.50000000000000711, 61.00000000000000000, -42.50000000000000000 ) ) ;
#481 = LINE ( 'NONE', #1682, #886 ) ;
#482 = VECTOR ( 'NONE', #75, 1000.000000000000000 ) ;
#483 = ORIENTED_EDGE ( 'NONE', *, *, #1476, .T. ) ;
#484 = VECTOR ( 'NONE', #846, 1000.000000000000000 ) ;
#485 = DIRECTION ( 'NONE',  ( 0.000000000000000000, 0.000000000000000000, -1.000000000000000000 ) ) ;
#486 = DIRECTION ( 'NONE',  ( -0.000000000000000000, 0.000000000000000000, 1.000000000000000000 ) ) ;
#487 = AXIS2_PLACEMENT_3D ( 'NONE', #1153, #1133, #2163 ) ;
#488 = ORIENTED_EDGE ( 'NONE', *, *, #1532, .T. ) ;
#489 = PLANE ( 'NONE',  #228 ) ;
#490 = EDGE_CURVE ( 'NONE', #311, #194, #878, .T. ) ;
#491 = CARTESIAN_POINT ( 'NONE',  ( 60.49999999999997158, 30.00000000000000000, -46.00000000000000711 ) ) ;
#492 = EDGE_LOOP ( 'NONE', ( #470, #2025, #1809, #37 ) ) ;
#493 = EDGE_CURVE ( 'NONE', #980, #231, #1912, .T. ) ;
#494 = CARTESIAN_POINT ( 'NONE',  ( 60.50000000000000000, 65.00000000000000000, -8.312932300720541162E-15 ) ) ;
#495 = LINE ( 'NONE', #316, #484 ) ;
#496 = VERTEX_POINT ( 'NONE', #1373 ) ;
#497 = ORIENTED_EDGE ( 'NONE', *, *, #2165, .T. ) ;
#498 = ORIENTED_EDGE ( 'NONE', *, *, #1, .T. ) ;
#499 = FACE_OUTER_BOUND ( 'NONE', #1243, .T. ) ;
#500 = DIRECTION ( 'NONE',  ( -1.000000000000000000, -0.000000000000000000, 1.560090210129567087E-15 ) ) ;
#501 = ORIENTED_EDGE ( 'NONE', *, *, #1639, .F. ) ;
#502 = ADVANCED_FACE ( 'NONE', ( #1025 ), #869, .F. ) ;
#503 = LINE ( 'NONE', #1319, #1129 ) ;
#504 = LINE ( 'NONE', #994, #1353 ) ;
#505 = EDGE_CURVE ( 'NONE', #82, #2039, #381, .T. ) ;
#506 = ORIENTED_EDGE ( 'NONE', *, *, #2032, .T. ) ;
#507 = CARTESIAN_POINT ( 'NONE',  ( -40.99999999999999289, 52.00000000000000000, 38.10000000000001563 ) ) ;
#508 = SURFACE_SIDE_STYLE ('',( #862 ) ) ;
#509 = EDGE_CURVE ( 'NONE', #830, #593, #1401, .T. ) ;
#510 = CARTESIAN_POINT ( 'NONE',  ( -64.50000000000000000, 8.871779788708177961, 39.89999999999999858 ) ) ;
#511 = ORIENTED_EDGE ( 'NONE', *, *, #920, .F. ) ;
#512 = LINE ( 'NONE', #2180, #732 ) ;
#513 = LINE ( 'NONE', #1552, #1480 ) ;
#514 = EDGE_LOOP ( 'NONE', ( #1890, #214, #1196 ) ) ;
#515 = CIRCLE ( 'NONE', #1305, 4.999999999999997335 ) ;
#516 = AXIS2_PLACEMENT_3D ( 'NONE', #1343, #1529, #863 ) ;
#517 = CARTESIAN_POINT ( 'NONE',  ( -64.50000000000000000, 0.000000000000000000, -35.09999999999999432 ) ) ;
#518 = ADVANCED_FACE ( 'NONE', ( #1067, #170, #686, #30, #859, #2 ), #1735, .F. ) ;
#519 = CLOSED_SHELL ( 'NONE', ( #226, #2085, #537, #651, #951, #1909, #76, #1992, #1163, #463, #2006, #1535, #559, #908, #1108, #1787, #1734, #1139, #1250, #1120, #213, #180, #1508, #988, #926, #935, #1344, #2178, #837, #53, #1014, #391, #502, #518, #1963, #1209, #148, #1288, #1318, #478, #408, #62, #527, #277, #104, #741, #685, #10, #1181, #1869, #2128, #1913, #1595, #543, #1308, #1150, #432, #617, #763, #1362, #1081, #114, #738, #571, #1772, #2151, #1324, #1896, #868, #1653, #1231, #346 ) ) ;
#520 = ORIENTED_EDGE ( 'NONE', *, *, #131, .F. ) ;
#521 = CYLINDRICAL_SURFACE ( 'NONE', #1268, 4.999999999999997335 ) ;
#522 =( LENGTH_UNIT ( ) NAMED_UNIT ( * ) SI_UNIT ( .MILLI., .METRE. ) );
#523 = VECTOR ( 'NONE', #1699, 1000.000000000000000 ) ;
#524 = VECTOR ( 'NONE', #1580, 1000.000000000000000 ) ;
#525 = DIRECTION ( 'NONE',  ( 0.000000000000000000, 1.000000000000000000, 0.000000000000000000 ) ) ;
#526 = ORIENTED_EDGE ( 'NONE', *, *, #1, .F. ) ;
#527 = ADVANCED_FACE ( 'NONE', ( #1203 ), #2055, .T. ) ;
#528 = CARTESIAN_POINT ( 'NONE',  ( 67.49999999999998579, 3.000000000000002665, -54.50000000000000000 ) ) ;
#529 = AXIS2_PLACEMENT_3D ( 'NONE', #648, #1339, #2012 ) ;
#530 = PLANE ( 'NONE',  #728 ) ;
#531 = VERTEX_POINT ( 'NONE', #2043 ) ;
#532 = DIRECTION ( 'NONE',  ( 0.000000000000000000, 0.000000000000000000, 1.000000000000000000 ) ) ;
#533 = LINE ( 'NONE', #1892, #1055 ) ;
#534 = CARTESIAN_POINT ( 'NONE',  ( -64.50000000000000000, 5.000000000000000000, 0.000000000000000000 ) ) ;
#535 = ORIENTED_EDGE ( 'NONE', *, *, #1799, .F. ) ;
#536 = DIRECTION ( 'NONE',  ( 1.000000000000000000, 0.000000000000000000, 0.000000000000000000 ) ) ;
#537 = ADVANCED_FACE ( 'NONE', ( #1233 ), #900, .F. ) ;
#538 = LINE ( 'NONE', #225, #368 ) ;
#539 = EDGE_LOOP ( 'NONE', ( #51, #2104 ) ) ;
#540 = PLANE ( 'NONE',  #915 ) ;
#541 = CARTESIAN_POINT ( 'NONE',  ( -60.49999999999998579, 65.00000000000000000, 42.50000000000000000 ) ) ;
#542 = ORIENTED_EDGE ( 'NONE', *, *, #674, .T. ) ;
#543 = ADVANCED_FACE ( 'NONE', ( #39 ), #1223, .T. ) ;
#544 = DIRECTION ( 'NONE',  ( 2.413528314402514090E-16, -0.000000000000000000, 1.000000000000000000 ) ) ;
#545 = VERTEX_POINT ( 'NONE', #547 ) ;
#546 = CARTESIAN_POINT ( 'NONE',  ( -67.50000000000001421, 70.00000000000000000, -57.50000000000000000 ) ) ;
#547 = CARTESIAN_POINT ( 'NONE',  ( 67.49999999999998579, 67.00000000000000000, -50.50000000000000000 ) ) ;
#548 = EDGE_CURVE ( 'NONE', #110, #1970, #302, .T. ) ;
#549 = VECTOR ( 'NONE', #2030, 1000.000000000000000 ) ;
#550 = CARTESIAN_POINT ( 'NONE',  ( 39.50000000000000000, 31.50000000000000000, -50.50000000000000000 ) ) ;
#551 = DIRECTION ( 'NONE',  ( 0.000000000000000000, 0.000000000000000000, 1.000000000000000000 ) ) ;
#552 = AXIS2_PLACEMENT_3D ( 'NONE', #1801, #244, #936 ) ;
#553 = VECTOR ( 'NONE', #1545, 1000.000000000000000 ) ;
#554 = ORIENTED_EDGE ( 'NONE', *, *, #1568, .T. ) ;
#555 = FACE_OUTER_BOUND ( 'NONE', #673, .T. ) ;
#556 = LINE ( 'NONE', #237, #152 ) ;
#557 = ORIENTED_EDGE ( 'NONE', *, *, #1938, .F. ) ;
#558 = CIRCLE ( 'NONE', #2087, 3.000000000000002665 ) ;
#559 = ADVANCED_FACE ( 'NONE', ( #697 ), #367, .T. ) ;
#560 = AXIS2_PLACEMENT_3D ( 'NONE', #1054, #201, #1732 ) ;
#561 = VERTEX_POINT ( 'NONE', #2086 ) ;
#562 = FACE_OUTER_BOUND ( 'NONE', #1886, .T. ) ;
#563 = CARTESIAN_POINT ( 'NONE',  ( 62.50000000000002842, 70.00000000000000000, -8.999999999999937828 ) ) ;
#564 = DIRECTION ( 'NONE',  ( 0.000000000000000000, 1.000000000000000000, 0.000000000000000000 ) ) ;
#565 = ORIENTED_EDGE ( 'NONE', *, *, #793, .F. ) ;
#566 = CARTESIAN_POINT ( 'NONE',  ( -40.99999999999999289, 8.000000000000000000, 38.10000000000001563 ) ) ;
#567 = LINE ( 'NONE', #576, #2075 ) ;
#568 = EDGE_LOOP ( 'NONE', ( #1684, #1959, #1350, #1644 ) ) ;
#569 = ORIENTED_EDGE ( 'NONE', *, *, #1830, .T. ) ;
#570 = CARTESIAN_POINT ( 'NONE',  ( 64.49999999999998579, 70.00000000000000000, -57.50000000000000000 ) ) ;
#571 = ADVANCED_FACE ( 'NONE', ( #562 ), #1247, .F. ) ;
#572 = CYLINDRICAL_SURFACE ( 'NONE', #1979, 3.000000000000002665 ) ;
#573 = PLANE ( 'NONE',  #2195 ) ;
#574 = ORIENTED_EDGE ( 'NONE', *, *, #1476, .F. ) ;
#575 = CARTESIAN_POINT ( 'NONE',  ( 64.49999999999998579, 67.00000000000000000, -54.50000000000000000 ) ) ;
#576 = CARTESIAN_POINT ( 'NONE',  ( 67.50000000000001421, 67.00000000000000000, 50.50000000000000000 ) ) ;
#577 = ORIENTED_EDGE ( 'NONE', *, *, #176, .T. ) ;
#578 = DIRECTION ( 'NONE',  ( -1.000000000000000000, 0.000000000000000000, 0.000000000000000000 ) ) ;
#579 = ORIENTED_EDGE ( 'NONE', *, *, #366, .F. ) ;
#580 = LINE ( 'NONE', #232, #1945 ) ;
#581 = CIRCLE ( 'NONE', #42, 3.000000000000002665 ) ;
#582 = CARTESIAN_POINT ( 'NONE',  ( -60.49999999999997158, 25.41568567064863515, -46.00000000000000711 ) ) ;
#583 = DIRECTION ( 'NONE',  ( 0.000000000000000000, 0.000000000000000000, -1.000000000000000000 ) ) ;
#584 = EDGE_CURVE ( 'NONE', #910, #1131, #358, .T. ) ;
#585 = VERTEX_POINT ( 'NONE', #759 ) ;
#586 = FACE_OUTER_BOUND ( 'NONE', #684, .T. ) ;
#587 = VECTOR ( 'NONE', #2089, 1000.000000000000000 ) ;
#588 = VECTOR ( 'NONE', #1956, 1000.000000000000000 ) ;
#589 = LINE ( 'NONE', #940, #2184 ) ;
#590 = ORIENTED_EDGE ( 'NONE', *, *, #2058, .T. ) ;
#591 = FACE_OUTER_BOUND ( 'NONE', #747, .T. ) ;
#592 =( GEOMETRIC_REPRESENTATION_CONTEXT ( 3 ) GLOBAL_UNCERTAINTY_ASSIGNED_CONTEXT ( ( #357 ) ) GLOBAL_UNIT_ASSIGNED_CONTEXT ( ( #522, #1194, #835 ) ) REPRESENTATION_CONTEXT ( 'NONE', 'WORKASPACE' ) );
#593 = VERTEX_POINT ( 'NONE', #1966 ) ;
#594 = DIRECTION ( 'NONE',  ( -0.000000000000000000, 1.000000000000000000, -0.000000000000000000 ) ) ;
#595 = VECTOR ( 'NONE', #459, 1000.000000000000000 ) ;
#596 = FACE_OUTER_BOUND ( 'NONE', #57, .T. ) ;
#597 = DIRECTION ( 'NONE',  ( 1.000000000000000000, 0.000000000000000000, 0.000000000000000000 ) ) ;
#598 = ORIENTED_EDGE ( 'NONE', *, *, #2125, .F. ) ;
#599 = CARTESIAN_POINT ( 'NONE',  ( 39.50000000000000000, 0.000000000000000000, -50.50000000000000000 ) ) ;
#600 = CARTESIAN_POINT ( 'NONE',  ( 6.499999999999999112, 43.50000000000000000, -57.50000000000000000 ) ) ;
#601 = EDGE_CURVE ( 'NONE', #967, #669, #580, .T. ) ;
#602 = EDGE_LOOP ( 'NONE', ( #1976, #2130, #758, #2140 ) ) ;
#603 = LINE ( 'NONE', #1315, #1737 ) ;
#604 = ORIENTED_EDGE ( 'NONE', *, *, #505, .F. ) ;
#605 = DIRECTION ( 'NONE',  ( -0.000000000000000000, -0.000000000000000000, -1.000000000000000000 ) ) ;
#606 = EDGE_CURVE ( 'NONE', #1410, #1051, #991, .T. ) ;
#607 = DIRECTION ( 'NONE',  ( -0.000000000000000000, -0.000000000000000000, -1.000000000000000000 ) ) ;
#608 = DIRECTION ( 'NONE',  ( 1.000000000000000000, 0.000000000000000000, -1.374038396813312538E-16 ) ) ;
#609 = ORIENTED_EDGE ( 'NONE', *, *, #584, .T. ) ;
#610 = DIRECTION ( 'NONE',  ( 1.000000000000000000, -0.000000000000000000, 0.000000000000000000 ) ) ;
#611 = CARTESIAN_POINT ( 'NONE',  ( -40.99999999999999289, 8.000000000000000000, -38.10000000000000142 ) ) ;
#612 = ORIENTED_EDGE ( 'NONE', *, *, #671, .F. ) ;
#613 = EDGE_CURVE ( 'NONE', #669, #593, #1554, .T. ) ;
#614 = CARTESIAN_POINT ( 'NONE',  ( 64.50000000000001421, 70.00000000000000000, 50.50000000000000000 ) ) ;
#615 = ORIENTED_EDGE ( 'NONE', *, *, #821, .F. ) ;
#616 = DIRECTION ( 'NONE',  ( -4.313431103236776917E-15, -1.000000000000000000, 0.000000000000000000 ) ) ;
#617 = ADVANCED_FACE ( 'NONE', ( #84 ), #1086, .T. ) ;
#618 = LINE ( 'NONE', #254, #2013 ) ;
#619 = CARTESIAN_POINT ( 'NONE',  ( -64.50000000000000000, 67.00000000000000000, -54.50000000000000000 ) ) ;
#620 = ORIENTED_EDGE ( 'NONE', *, *, #1304, .F. ) ;
#621 = DIRECTION ( 'NONE',  ( 0.000000000000000000, -1.000000000000000000, 0.000000000000000000 ) ) ;
#622 = VECTOR ( 'NONE', #525, 1000.000000000000000 ) ;
#623 = DIRECTION ( 'NONE',  ( 1.000000000000000000, 0.000000000000000000, 0.000000000000000000 ) ) ;
#624 = VERTEX_POINT ( 'NONE', #253 ) ;
#625 = DIRECTION ( 'NONE',  ( 1.000000000000000000, 0.000000000000000000, -1.560090210129567087E-15 ) ) ;
#626 = VERTEX_POINT ( 'NONE', #934 ) ;
#627 = MECHANICAL_DESIGN_GEOMETRIC_PRESENTATION_REPRESENTATION (  '', ( #1351 ), #592 ) ;
#628 = EDGE_CURVE ( 'NONE', #922, #1192, #1764, .T. ) ;
#629 = CARTESIAN_POINT ( 'NONE',  ( 60.50000000000000000, 34.31636524531450050, 31.20929227999029720 ) ) ;
#630 = CARTESIAN_POINT ( 'NONE',  ( -67.50000000000000000, 3.000000000000002665, 54.50000000000000000 ) ) ;
#631 = VECTOR ( 'NONE', #1526, 1000.000000000000000 ) ;
#632 = CYLINDRICAL_SURFACE ( 'NONE', #1485, 3.000000000000002665 ) ;
#633 = DIRECTION ( 'NONE',  ( 5.734623061080353420E-17, -0.000000000000000000, 1.000000000000000000 ) ) ;
#634 = DIRECTION ( 'NONE',  ( 2.413528314402514090E-16, 0.000000000000000000, 1.000000000000000000 ) ) ;
#635 = ORIENTED_EDGE ( 'NONE', *, *, #1212, .T. ) ;
#636 = CARTESIAN_POINT ( 'NONE',  ( -60.50000000000000711, 70.00000000000000000, 39.90000000000000568 ) ) ;
#637 = EDGE_LOOP ( 'NONE', ( #1008, #241, #1273 ) ) ;
#638 = DIRECTION ( 'NONE',  ( -1.000000000000000000, 0.000000000000000000, 0.000000000000000000 ) ) ;
#639 = LINE ( 'NONE', #1836, #1844 ) ;
#640 = EDGE_CURVE ( 'NONE', #2094, #361, #773, .T. ) ;
#641 = CARTESIAN_POINT ( 'NONE',  ( -60.50000000000000711, 7.128220211291822928, 39.89999999999999858 ) ) ;
#642 = PRESENTATION_STYLE_ASSIGNMENT (( #2027 ) ) ;
#643 = ORIENTED_EDGE ( 'NONE', *, *, #1607, .F. ) ;
#644 = EDGE_CURVE ( 'NONE', #707, #1331, #1923, .T. ) ;
#645 = PLANE ( 'NONE',  #1631 ) ;
#646 = VERTEX_POINT ( 'NONE', #1944 ) ;
#647 = DIRECTION ( 'NONE',  ( -1.000000000000000000, -0.000000000000000000, -0.000000000000000000 ) ) ;
#648 = CARTESIAN_POINT ( 'NONE',  ( 64.50000000000001421, 67.00000000000000000, 54.50000000000000000 ) ) ;
#649 = PLANE ( 'NONE',  #80 ) ;
#650 = PLANE ( 'NONE',  #342 ) ;
#651 = ADVANCED_FACE ( 'NONE', ( #1608, #396, #1798, #98, #265 ), #52, .T. ) ;
#652 = VERTEX_POINT ( 'NONE', #925 ) ;
#653 = DIRECTION ( 'NONE',  ( 0.000000000000000000, -1.000000000000000000, 0.000000000000000000 ) ) ;
#654 = EDGE_CURVE ( 'NONE', #1637, #457, #2096, .T. ) ;
#655 = AXIS2_PLACEMENT_3D ( 'NONE', #216, #208, #1581 ) ;
#656 = LINE ( 'NONE', #2051, #1615 ) ;
#657 = ORIENTED_EDGE ( 'NONE', *, *, #380, .F. ) ;
#658 = VECTOR ( 'NONE', #2142, 1000.000000000000000 ) ;
#659 = ADVANCED_BREP_SHAPE_REPRESENTATION ( 'case', ( #1103, #516 ), #760 ) ;
#660 = VECTOR ( 'NONE', #2040, 1000.000000000000000 ) ;
#661 = CARTESIAN_POINT ( 'NONE',  ( 0.000000000000000000, 43.50000000000000000, -50.50000000000000000 ) ) ;
#662 = CARTESIAN_POINT ( 'NONE',  ( -60.50000000000000711, 61.00000000000000000, -42.50000000000000000 ) ) ;
#663 = AXIS2_PLACEMENT_3D ( 'NONE', #1208, #2170, #815 ) ;
#664 = ORIENTED_EDGE ( 'NONE', *, *, #433, .F. ) ;
#665 = AXIS2_PLACEMENT_3D ( 'NONE', #133, #2002, #982 ) ;
#666 = LINE ( 'NONE', #319, #2048 ) ;
#667 = DIRECTION ( 'NONE',  ( 0.000000000000000000, 1.000000000000000000, 0.000000000000000000 ) ) ;
#668 = CIRCLE ( 'NONE', #270, 3.000000000000002665 ) ;
#669 = VERTEX_POINT ( 'NONE', #959 ) ;
#670 = CARTESIAN_POINT ( 'NONE',  ( -40.99999999999999289, 8.000000000000000000, -36.10000000000000142 ) ) ;
#671 = EDGE_CURVE ( 'NONE', #1816, #138, #70, .T. ) ;
#672 = CARTESIAN_POINT ( 'NONE',  ( -60.49999999999998579, 65.00000000000000000, 50.50000000000000000 ) ) ;
#673 = EDGE_LOOP ( 'NONE', ( #293, #1226, #1182, #943 ) ) ;
#674 = EDGE_CURVE ( 'NONE', #194, #833, #1422, .T. ) ;
#675 = DIRECTION ( 'NONE',  ( -0.000000000000000000, -0.000000000000000000, -1.000000000000000000 ) ) ;
#676 = EDGE_CURVE ( 'NONE', #1475, #496, #1442, .T. ) ;
#677 = CARTESIAN_POINT ( 'NONE',  ( -61.50000000000000000, 67.00000000000000000, 54.50000000000000000 ) ) ;
#678 = ORIENTED_EDGE ( 'NONE', *, *, #1680, .F. ) ;
#679 = DIRECTION ( 'NONE',  ( -1.000000000000000000, 0.000000000000000000, 5.782411586589351722E-16 ) ) ;
#680 = LINE ( 'NONE', #691, #622 ) ;
#681 = ORIENTED_EDGE ( 'NONE', *, *, #1040, .T. ) ;
#682 = DIRECTION ( 'NONE',  ( 0.000000000000000000, -1.000000000000000000, 0.000000000000000000 ) ) ;
#683 = CARTESIAN_POINT ( 'NONE',  ( 39.50000000000000000, 31.50000000000000000, -57.50000000000000000 ) ) ;
#684 = EDGE_LOOP ( 'NONE', ( #924, #113, #2010, #38, #1177, #1987, #331, #1478, #1538, #1251, #1302, #825, #1029, #781 ) ) ;
#685 = ADVANCED_FACE ( 'NONE', ( #1597 ), #1294, .T. ) ;
#686 = FACE_OUTER_BOUND ( 'NONE', #2164, .T. ) ;
#687 = EDGE_CURVE ( 'NONE', #1564, #296, #61, .T. ) ;
#688 = ORIENTED_EDGE ( 'NONE', *, *, #1998, .T. ) ;
#689 = DIRECTION ( 'NONE',  ( 0.000000000000000000, -1.000000000000000000, 0.000000000000000000 ) ) ;
#690 = CARTESIAN_POINT ( 'NONE',  ( 64.50000000000000000, 67.00000000000000000, -8.999999999999937828 ) ) ;
#691 = CARTESIAN_POINT ( 'NONE',  ( 60.49999999999997158, 25.41568567064863515, -46.00000000000000711 ) ) ;
#692 = ORIENTED_EDGE ( 'NONE', *, *, #2199, .F. ) ;
#693 = CARTESIAN_POINT ( 'NONE',  ( 64.49999999999998579, 3.000000000000002665, -57.50000000000000000 ) ) ;
#694 = LINE ( 'NONE', #1521, #1548 ) ;
#695 = VECTOR ( 'NONE', #1195, 1000.000000000000000 ) ;
#696 = ORIENTED_EDGE ( 'NONE', *, *, #1845, .F. ) ;
#697 = FACE_OUTER_BOUND ( 'NONE', #949, .T. ) ;
#698 = EDGE_CURVE ( 'NONE', #745, #410, #1457, .T. ) ;
#699 = DIRECTION ( 'NONE',  ( 0.000000000000000000, 0.000000000000000000, -1.000000000000000000 ) ) ;
#700 = DIRECTION ( 'NONE',  ( 0.000000000000000000, 0.000000000000000000, -1.000000000000000000 ) ) ;
#701 = VECTOR ( 'NONE', #1565, 1000.000000000000000 ) ;
#702 = VECTOR ( 'NONE', #704, 1000.000000000000000 ) ;
#703 = EDGE_LOOP ( 'NONE', ( #1648, #198, #483, #1186 ) ) ;
#704 = DIRECTION ( 'NONE',  ( 0.000000000000000000, -1.000000000000000000, 0.000000000000000000 ) ) ;
#705 = VECTOR ( 'NONE', #1547, 1000.000000000000000 ) ;
#706 = LINE ( 'NONE', #672, #1915 ) ;
#707 = VERTEX_POINT ( 'NONE', #1379 ) ;
#708 = DIRECTION ( 'NONE',  ( 0.000000000000000000, 0.000000000000000000, -1.000000000000000000 ) ) ;
#709 = CARTESIAN_POINT ( 'NONE',  ( 6.500000000000005329, 43.50000000000000000, -57.50000000000000000 ) ) ;
#710 = DIRECTION ( 'NONE',  ( -1.000000000000000000, 0.000000000000000000, -4.625929269271481378E-15 ) ) ;
#711 = EDGE_CURVE ( 'NONE', #130, #1420, #512, .T. ) ;
#712 = VERTEX_POINT ( 'NONE', #1855 ) ;
#713 = CARTESIAN_POINT ( 'NONE',  ( -60.50000000000002132, 70.00000000000000000, -50.50000000000000000 ) ) ;
#714 = EDGE_CURVE ( 'NONE', #296, #736, #1803, .T. ) ;
#715 = CARTESIAN_POINT ( 'NONE',  ( -60.50000000000000711, 52.00000000000000000, 38.10000000000001563 ) ) ;
#716 = ORIENTED_EDGE ( 'NONE', *, *, #384, .F. ) ;
#717 = PRODUCT_DEFINITION_CONTEXT ( 'detailed design', #271, 'design' ) ;
#718 = DIRECTION ( 'NONE',  ( 1.000000000000000000, 0.000000000000000000, 0.000000000000000000 ) ) ;
#719 = DIRECTION ( 'NONE',  ( 5.734623061080353420E-17, 0.000000000000000000, 1.000000000000000000 ) ) ;
#720 = CARTESIAN_POINT ( 'NONE',  ( 0.000000000000000000, 0.000000000000000000, -46.00000000000000711 ) ) ;
#721 = EDGE_CURVE ( 'NONE', #2171, #973, #1550, .T. ) ;
#722 = ORIENTED_EDGE ( 'NONE', *, *, #1260, .T. ) ;
#723 = FACE_OUTER_BOUND ( 'NONE', #27, .T. ) ;
#724 = CARTESIAN_POINT ( 'NONE',  ( -56.05224828740450249, 65.00000000000000000, 42.50000000000000000 ) ) ;
#725 = ORIENTED_EDGE ( 'NONE', *, *, #205, .F. ) ;
#726 = EDGE_LOOP ( 'NONE', ( #867, #343, #1606, #1143 ) ) ;
#727 = DIRECTION ( 'NONE',  ( 0.000000000000000000, 0.000000000000000000, -1.000000000000000000 ) ) ;
#728 = AXIS2_PLACEMENT_3D ( 'NONE', #1213, #1041, #1533 ) ;
#729 = CARTESIAN_POINT ( 'NONE',  ( -56.75582596964623150, 65.00000000000000000, -50.50000000000000000 ) ) ;
#730 = FACE_OUTER_BOUND ( 'NONE', #1409, .T. ) ;
#731 = VECTOR ( 'NONE', #1444, 1000.000000000000000 ) ;
#732 = VECTOR ( 'NONE', #682, 1000.000000000000000 ) ;
#733 = VERTEX_POINT ( 'NONE', #165 ) ;
#734 = VECTOR ( 'NONE', #1570, 1000.000000000000000 ) ;
#735 = FACE_OUTER_BOUND ( 'NONE', #2123, .T. ) ;
#736 = VERTEX_POINT ( 'NONE', #322 ) ;
#737 = AXIS2_PLACEMENT_3D ( 'NONE', #1074, #1775, #218 ) ;
#738 = ADVANCED_FACE ( 'NONE', ( #18 ), #489, .F. ) ;
#739 = FACE_BOUND ( 'NONE', #392, .T. ) ;
#740 = ORIENTED_EDGE ( 'NONE', *, *, #207, .F. ) ;
#741 = ADVANCED_FACE ( 'NONE', ( #1978 ), #1531, .T. ) ;
#742 = CARTESIAN_POINT ( 'NONE',  ( -61.50000000000000000, 67.00000000000000000, -54.50000000000000000 ) ) ;
#743 = LINE ( 'NONE', #1306, #1311 ) ;
#744 = FACE_OUTER_BOUND ( 'NONE', #1099, .T. ) ;
#745 = VERTEX_POINT ( 'NONE', #2206 ) ;
#746 = DIRECTION ( 'NONE',  ( 1.000000000000000000, 0.000000000000000000, 0.000000000000000000 ) ) ;
#747 = EDGE_LOOP ( 'NONE', ( #969, #1183, #428, #2028 ) ) ;
#748 = ORIENTED_EDGE ( 'NONE', *, *, #2108, .T. ) ;
#749 = EDGE_CURVE ( 'NONE', #561, #1611, #2050, .T. ) ;
#750 = DIRECTION ( 'NONE',  ( -0.000000000000000000, -1.000000000000000000, -0.000000000000000000 ) ) ;
#751 = CARTESIAN_POINT ( 'NONE',  ( 64.50000000000000000, 3.000000000000002665, 54.50000000000000000 ) ) ;
#752 = DIRECTION ( 'NONE',  ( 1.000000000000000000, 0.000000000000000000, -1.374038396813312538E-16 ) ) ;
#753 = ORIENTED_EDGE ( 'NONE', *, *, #490, .F. ) ;
#754 = CARTESIAN_POINT ( 'NONE',  ( -60.50000000000002132, 52.00000000000000000, -36.10000000000000142 ) ) ;
#755 = LINE ( 'NONE', #1438, #1582 ) ;
#756 = ORIENTED_EDGE ( 'NONE', *, *, #285, .T. ) ;
#757 = CARTESIAN_POINT ( 'NONE',  ( 0.000000000000000000, 5.000000000000000000, -50.50000000000000000 ) ) ;
#758 = ORIENTED_EDGE ( 'NONE', *, *, #239, .T. ) ;
#759 = CARTESIAN_POINT ( 'NONE',  ( -56.05224828740454512, 55.34797069270403114, 42.50000000000000000 ) ) ;
#760 =( GEOMETRIC_REPRESENTATION_CONTEXT ( 3 ) GLOBAL_UNCERTAINTY_ASSIGNED_CONTEXT ( ( #1052 ) ) GLOBAL_UNIT_ASSIGNED_CONTEXT ( ( #2047, #127, #2204 ) ) REPRESENTATION_CONTEXT ( 'NONE', 'WORKASPACE' ) );
#761 = CARTESIAN_POINT ( 'NONE',  ( 60.50000000000000711, 70.00000000000000000, 50.50000000000000000 ) ) ;
#762 = LINE ( 'NONE', #1445, #1559 ) ;
#763 = ADVANCED_FACE ( 'NONE', ( #184 ), #873, .T. ) ;
#764 = EDGE_CURVE ( 'NONE', #712, #1921, #280, .T. ) ;
#765 = CARTESIAN_POINT ( 'NONE',  ( -60.50000000000001421, 4.999999999999998224, -35.09999999999999432 ) ) ;
#766 = CIRCLE ( 'NONE', #1201, 3.000000000000002665 ) ;
#767 = CARTESIAN_POINT ( 'NONE',  ( 0.000000000000000000, 0.000000000000000000, -42.50000000000000000 ) ) ;
#768 = ORIENTED_EDGE ( 'NONE', *, *, #493, .F. ) ;
#769 = VECTOR ( 'NONE', #1391, 1000.000000000000000 ) ;
#770 = CARTESIAN_POINT ( 'NONE',  ( 39.50000000000000000, 43.50000000000000000, -50.50000000000000000 ) ) ;
#771 = CIRCLE ( 'NONE', #1627, 3.000000000000002665 ) ;
#772 = ORIENTED_EDGE ( 'NONE', *, *, #1053, .T. ) ;
#773 = LINE ( 'NONE', #1110, #19 ) ;
#774 = CIRCLE ( 'NONE', #1356, 2.000000000000001776 ) ;
#775 = LINE ( 'NONE', #1433, #371 ) ;
#776 = DIRECTION ( 'NONE',  ( -0.000000000000000000, -1.000000000000000000, -0.000000000000000000 ) ) ;
#777 = ORIENTED_EDGE ( 'NONE', *, *, #1967, .T. ) ;
#778 = FACE_OUTER_BOUND ( 'NONE', #726, .T. ) ;
#779 = EDGE_CURVE ( 'NONE', #624, #474, #1175, .T. ) ;
#780 = LINE ( 'NONE', #1961, #335 ) ;
#781 = ORIENTED_EDGE ( 'NONE', *, *, #1625, .F. ) ;
#782 = EDGE_CURVE ( 'NONE', #848, #1826, #139, .T. ) ;
#783 = CARTESIAN_POINT ( 'NONE',  ( -60.50000000000002842, 55.34797069270403114, 42.50000000000000711 ) ) ;
#784 = ORIENTED_EDGE ( 'NONE', *, *, #1280, .T. ) ;
#785 = CARTESIAN_POINT ( 'NONE',  ( 64.49999999999997158, 70.00000000000000000, -8.999999999999937828 ) ) ;
#786 = DIRECTION ( 'NONE',  ( -1.000000000000000000, 0.000000000000000000, -0.000000000000000000 ) ) ;
#787 = LINE ( 'NONE', #1471, #812 ) ;
#788 = ORIENTED_EDGE ( 'NONE', *, *, #1746, .T. ) ;
#789 = PLANE ( 'NONE',  #1276 ) ;
#790 = EDGE_CURVE ( 'NONE', #736, #838, #149, .T. ) ;
#791 = DIRECTION ( 'NONE',  ( 2.413528314402514090E-16, -0.000000000000000000, 1.000000000000000000 ) ) ;
#792 = ORIENTED_EDGE ( 'NONE', *, *, #1977, .T. ) ;
#793 = EDGE_CURVE ( 'NONE', #82, #130, #1009, .T. ) ;
#794 = DIRECTION ( 'NONE',  ( -1.000000000000000000, 0.000000000000000000, 5.738171702200635624E-17 ) ) ;
#795 = ORIENTED_EDGE ( 'NONE', *, *, #548, .T. ) ;
#796 = FACE_OUTER_BOUND ( 'NONE', #21, .T. ) ;
#797 = CARTESIAN_POINT ( 'NONE',  ( -60.50000000000002132, 5.000000000000004441, -50.50000000000000000 ) ) ;
#798 = ORIENTED_EDGE ( 'NONE', *, *, #1671, .F. ) ;
#799 = VERTEX_POINT ( 'NONE', #528 ) ;
#800 = CARTESIAN_POINT ( 'NONE',  ( -60.50000000000000000, 51.12822021129181849, 39.89999999999999858 ) ) ;
#801 = AXIS2_PLACEMENT_3D ( 'NONE', #767, #1313, #1452 ) ;
#802 = LINE ( 'NONE', #1829, #223 ) ;
#803 = EDGE_LOOP ( 'NONE', ( #1562, #1467, #1421, #377 ) ) ;
#804 = AXIS2_PLACEMENT_3D ( 'NONE', #1839, #1862, #2037 ) ;
#805 = DIRECTION ( 'NONE',  ( -1.000000000000000000, -0.000000000000000000, 1.374038396813312538E-16 ) ) ;
#806 = EDGE_LOOP ( 'NONE', ( #938, #1854, #1791, #2150 ) ) ;
#807 = VECTOR ( 'NONE', #675, 1000.000000000000000 ) ;
#808 = EDGE_CURVE ( 'NONE', #246, #1611, #1710, .T. ) ;
#809 = VECTOR ( 'NONE', #633, 1000.000000000000000 ) ;
#810 = CYLINDRICAL_SURFACE ( 'NONE', #1587, 3.000000000000002665 ) ;
#811 = CARTESIAN_POINT ( 'NONE',  ( -64.50000000000000000, 7.128220211291822928, 39.89999999999999858 ) ) ;
#812 = VECTOR ( 'NONE', #2143, 1000.000000000000000 ) ;
#813 = EDGE_CURVE ( 'NONE', #2162, #1679, #839, .T. ) ;
#814 = FACE_OUTER_BOUND ( 'NONE', #1705, .T. ) ;
#815 = DIRECTION ( 'NONE',  ( 1.000000000000000000, 0.000000000000000000, -3.083952846180990281E-16 ) ) ;
#816 = PRODUCT_CONTEXT ( 'NONE', #2014, 'mechanical' ) ;
#817 = EDGE_LOOP ( 'NONE', ( #565, #95, #17, #1378 ) ) ;
#818 = CARTESIAN_POINT ( 'NONE',  ( 67.49999999999998579, 67.00000000000000000, -50.50000000000000000 ) ) ;
#819 = ORIENTED_EDGE ( 'NONE', *, *, #269, .F. ) ;
#820 = PRODUCT_DEFINITION_SHAPE ( 'NONE', 'NONE',  #35 ) ;
#821 = EDGE_CURVE ( 'NONE', #1256, #1701, #175, .T. ) ;
#822 = DIRECTION ( 'NONE',  ( 1.000000000000000000, -0.000000000000000000, 0.000000000000000000 ) ) ;
#823 = CARTESIAN_POINT ( 'NONE',  ( -64.50000000000000000, 0.000000000000000000, 54.50000000000000000 ) ) ;
#824 = ORIENTED_EDGE ( 'NONE', *, *, #1674, .F. ) ;
#825 = ORIENTED_EDGE ( 'NONE', *, *, #1925, .T. ) ;
#826 = DIRECTION ( 'NONE',  ( -1.000000000000000000, -0.000000000000000000, -0.000000000000000000 ) ) ;
#827 = ORIENTED_EDGE ( 'NONE', *, *, #1642, .T. ) ;
#828 = CARTESIAN_POINT ( 'NONE',  ( 67.50000000000001421, 67.00000000000000000, 54.50000000000000000 ) ) ;
#829 = CARTESIAN_POINT ( 'NONE',  ( 0.000000000000000000, 5.000000000000000000, 0.000000000000000000 ) ) ;
#830 = VERTEX_POINT ( 'NONE', #1541 ) ;
#831 = LINE ( 'NONE', #661, #122 ) ;
#832 = CARTESIAN_POINT ( 'NONE',  ( -64.50000000000000000, 4.999999999999998224, 34.10000000000000853 ) ) ;
#833 = VERTEX_POINT ( 'NONE', #693 ) ;
#834 = VERTEX_POINT ( 'NONE', #354 ) ;
#835 =( NAMED_UNIT ( * ) SI_UNIT ( $, .STERADIAN. ) SOLID_ANGLE_UNIT ( ) );
#836 = EDGE_CURVE ( 'NONE', #2042, #443, #1361, .T. ) ;
#837 = ADVANCED_FACE ( 'NONE', ( #499 ), #904, .F. ) ;
#838 = VERTEX_POINT ( 'NONE', #1919 ) ;
#839 = LINE ( 'NONE', #670, #2016 ) ;
#840 = AXIS2_PLACEMENT_3D ( 'NONE', #1095, #67, #1940 ) ;
#841 = DIRECTION ( 'NONE',  ( 1.000000000000000000, 0.000000000000000000, 0.000000000000000000 ) ) ;
#842 = ORIENTED_EDGE ( 'NONE', *, *, #1888, .T. ) ;
#843 = CIRCLE ( 'NONE', #1023, 2.000000000000001776 ) ;
#844 = VECTOR ( 'NONE', #970, 1000.000000000000000 ) ;
#845 = DIRECTION ( 'NONE',  ( 0.000000000000000000, 0.000000000000000000, -1.000000000000000000 ) ) ;
#846 = DIRECTION ( 'NONE',  ( -0.000000000000000000, -0.000000000000000000, 1.000000000000000000 ) ) ;
#847 = VECTOR ( 'NONE', #1917, 1000.000000000000000 ) ;
#848 = VERTEX_POINT ( 'NONE', #1905 ) ;
#849 = CIRCLE ( 'NONE', #1316, 3.000000000000002665 ) ;
#850 = CARTESIAN_POINT ( 'NONE',  ( 60.50000000000000000, 34.31636524531450050, 21.20929227999030431 ) ) ;
#851 = DIRECTION ( 'NONE',  ( -1.000000000000000000, 0.000000000000000000, -0.000000000000000000 ) ) ;
#852 = VECTOR ( 'NONE', #1988, 1000.000000000000000 ) ;
#853 = CARTESIAN_POINT ( 'NONE',  ( -40.99999999999999289, 0.000000000000000000, 39.89999999999999858 ) ) ;
#854 = EDGE_CURVE ( 'NONE', #1637, #1564, #374, .T. ) ;
#855 = ORIENTED_EDGE ( 'NONE', *, *, #2095, .F. ) ;
#856 = DIRECTION ( 'NONE',  ( 0.000000000000000000, 1.000000000000000000, 0.000000000000000000 ) ) ;
#857 = ORIENTED_EDGE ( 'NONE', *, *, #1830, .F. ) ;
#858 = EDGE_CURVE ( 'NONE', #626, #186, #1166, .T. ) ;
#859 = FACE_BOUND ( 'NONE', #539, .T. ) ;
#860 = ORIENTED_EDGE ( 'NONE', *, *, #314, .T. ) ;
#861 = ORIENTED_EDGE ( 'NONE', *, *, #1463, .F. ) ;
#862 = SURFACE_STYLE_FILL_AREA ( #308 ) ;
#863 = DIRECTION ( 'NONE',  ( 1.000000000000000000, 0.000000000000000000, 0.000000000000000000 ) ) ;
#864 = ORIENTED_EDGE ( 'NONE', *, *, #89, .F. ) ;
#865 = DIRECTION ( 'NONE',  ( -1.000000000000000000, -0.000000000000000000, -0.000000000000000000 ) ) ;
#866 = SPHERICAL_SURFACE ( 'NONE', #397, 3.000000000000000000 ) ;
#867 = ORIENTED_EDGE ( 'NONE', *, *, #711, .F. ) ;
#868 = ADVANCED_FACE ( 'NONE', ( #723 ), #1262, .F. ) ;
#869 = CYLINDRICAL_SURFACE ( 'NONE', #83, 4.999999999999997335 ) ;
#870 = FACE_OUTER_BOUND ( 'NONE', #1374, .T. ) ;
#871 = CARTESIAN_POINT ( 'NONE',  ( 64.49999999999997158, 70.00000000000000000, -50.50000000000000000 ) ) ;
#872 = ORIENTED_EDGE ( 'NONE', *, *, #317, .T. ) ;
#873 = CYLINDRICAL_SURFACE ( 'NONE', #1910, 3.000000000000002665 ) ;
#874 = CARTESIAN_POINT ( 'NONE',  ( -64.50000000000000000, 8.000000000000000000, 38.10000000000001563 ) ) ;
#875 = AXIS2_PLACEMENT_3D ( 'NONE', #874, #1700, #1878 ) ;
#876 = ORIENTED_EDGE ( 'NONE', *, *, #548, .F. ) ;
#877 = EDGE_CURVE ( 'NONE', #279, #231, #1727, .T. ) ;
#878 = LINE ( 'NONE', #889, #1312 ) ;
#879 = AXIS2_PLACEMENT_3D ( 'NONE', #2141, #422, #1468 ) ;
#880 = DIRECTION ( 'NONE',  ( 0.000000000000000000, -1.000000000000000000, 0.000000000000000000 ) ) ;
#881 = CARTESIAN_POINT ( 'NONE',  ( 64.50000000000000000, 67.00000000000000000, -1.556725762789621534E-14 ) ) ;
#882 = VECTOR ( 'NONE', #621, 1000.000000000000000 ) ;
#883 = EDGE_CURVE ( 'NONE', #1038, #2093, #1602, .T. ) ;
#884 = CIRCLE ( 'NONE', #2121, 2.000000000000001776 ) ;
#885 = VERTEX_POINT ( 'NONE', #1895 ) ;
#886 = VECTOR ( 'NONE', #1169, 1000.000000000000000 ) ;
#887 = CARTESIAN_POINT ( 'NONE',  ( 0.000000000000000000, 65.00000000000000000, 0.000000000000000000 ) ) ;
#888 = ORIENTED_EDGE ( 'NONE', *, *, #317, .F. ) ;
#889 = CARTESIAN_POINT ( 'NONE',  ( 64.49999999999998579, 67.00000000000000000, -57.50000000000000000 ) ) ;
#890 = EDGE_CURVE ( 'NONE', #1797, #430, #34, .T. ) ;
#891 = LINE ( 'NONE', #729, #1837 ) ;
#892 = DIRECTION ( 'NONE',  ( -1.000000000000000000, 0.000000000000000000, 1.374038396813312538E-16 ) ) ;
#893 = EDGE_CURVE ( 'NONE', #385, #834, #1842, .T. ) ;
#894 = ORIENTED_EDGE ( 'NONE', *, *, #1218, .F. ) ;
#895 = DIRECTION ( 'NONE',  ( 0.000000000000000000, 1.000000000000000000, 0.000000000000000000 ) ) ;
#896 = CARTESIAN_POINT ( 'NONE',  ( 67.49999999999998579, 70.00000000000000000, -57.50000000000000000 ) ) ;
#897 = EDGE_LOOP ( 'NONE', ( #227, #1655, #1245, #1453, #1624, #1335, #860, #1066 ) ) ;
#898 = CARTESIAN_POINT ( 'NONE',  ( -60.50000000000000711, 70.00000000000000000, 50.50000000000000000 ) ) ;
#899 = ORIENTED_EDGE ( 'NONE', *, *, #1713, .T. ) ;
#900 = CYLINDRICAL_SURFACE ( 'NONE', #2081, 2.000000000000001776 ) ;
#901 = DIRECTION ( 'NONE',  ( -1.000000000000000000, -7.228014483236699514E-17, 0.000000000000000000 ) ) ;
#902 = FACE_OUTER_BOUND ( 'NONE', #990, .T. ) ;
#903 = EDGE_LOOP ( 'NONE', ( #1518, #488, #1135 ) ) ;
#904 = CYLINDRICAL_SURFACE ( 'NONE', #85, 2.000000000000001776 ) ;
#905 = EDGE_CURVE ( 'NONE', #1154, #1382, #1948, .T. ) ;
#906 = DIRECTION ( 'NONE',  ( -1.000000000000000000, -0.000000000000000000, -0.000000000000000000 ) ) ;
#907 = ORIENTED_EDGE ( 'NONE', *, *, #1938, .T. ) ;
#908 = ADVANCED_FACE ( 'NONE', ( #555 ), #789, .F. ) ;
#909 = DIRECTION ( 'NONE',  ( 0.000000000000000000, 0.000000000000000000, 1.000000000000000000 ) ) ;
#910 = VERTEX_POINT ( 'NONE', #800 ) ;
#911 = DIRECTION ( 'NONE',  ( 1.000000000000000000, 0.000000000000000000, -1.374038396813312538E-16 ) ) ;
#912 = VECTOR ( 'NONE', #1972, 1000.000000000000000 ) ;
#913 = CARTESIAN_POINT ( 'NONE',  ( 6.500000000000002665, 4.698209414103855177E-16, -57.50000000000000000 ) ) ;
#914 = PLANE ( 'NONE',  #1523 ) ;
#915 = AXIS2_PLACEMENT_3D ( 'NONE', #563, #2065, #382 ) ;
#916 = VECTOR ( 'NONE', #1121, 1000.000000000000000 ) ;
#917 = ORIENTED_EDGE ( 'NONE', *, *, #1799, .T. ) ;
#918 = CARTESIAN_POINT ( 'NONE',  ( -61.50000000000000000, 3.000000000000002665, 54.50000000000000000 ) ) ;
#919 = VECTOR ( 'NONE', #1876, 1000.000000000000000 ) ;
#920 = EDGE_CURVE ( 'NONE', #1826, #1475, #1310, .T. ) ;
#921 = CARTESIAN_POINT ( 'NONE',  ( -61.50000000000000000, 3.000000000000002665, -57.50000000000000000 ) ) ;
#922 = VERTEX_POINT ( 'NONE', #1473 ) ;
#923 = AXIS2_PLACEMENT_3D ( 'NONE', #1113, #752, #1138 ) ;
#924 = ORIENTED_EDGE ( 'NONE', *, *, #628, .F. ) ;
#925 = CARTESIAN_POINT ( 'NONE',  ( -61.50000000000000000, 67.00000000000000000, 57.50000000000000000 ) ) ;
#926 = ADVANCED_FACE ( 'NONE', ( #111 ), #462, .F. ) ;
#927 = CARTESIAN_POINT ( 'NONE',  ( 60.49999999999999289, 65.00000000000000000, -50.50000000000000000 ) ) ;
#928 = DIRECTION ( 'NONE',  ( -2.413528314402514090E-16, 0.000000000000000000, -1.000000000000000000 ) ) ;
#929 = ORIENTED_EDGE ( 'NONE', *, *, #2058, .F. ) ;
#930 = CARTESIAN_POINT ( 'NONE',  ( -56.05224828740450249, 65.00000000000000000, 42.50000000000000000 ) ) ;
#931 = EDGE_LOOP ( 'NONE', ( #97, #1573, #1282, #388 ) ) ;
#932 = LINE ( 'NONE', #757, #1170 ) ;
#933 = ORIENTED_EDGE ( 'NONE', *, *, #821, .T. ) ;
#934 = CARTESIAN_POINT ( 'NONE',  ( -61.50000000000000000, 3.000000000000002665, 57.50000000000000000 ) ) ;
#935 = ADVANCED_FACE ( 'NONE', ( #1781 ), #2159, .T. ) ;
#936 = DIRECTION ( 'NONE',  ( 1.000000000000000000, 0.000000000000000000, -2.413528314402508173E-16 ) ) ;
#937 = CARTESIAN_POINT ( 'NONE',  ( 2.639718671862705376E-15, 0.000000000000000000, 46.00000000000000711 ) ) ;
#938 = ORIENTED_EDGE ( 'NONE', *, *, #674, .F. ) ;
#939 = CARTESIAN_POINT ( 'NONE',  ( 60.38768043472764191, 25.50000000000000000, 46.00000000000000711 ) ) ;
#940 = CARTESIAN_POINT ( 'NONE',  ( -64.50000000000000000, 3.000000000000000000, 0.000000000000000000 ) ) ;
#941 = ORIENTED_EDGE ( 'NONE', *, *, #1291, .F. ) ;
#942 = CARTESIAN_POINT ( 'NONE',  ( 64.49999999999997158, 70.00000000000000000, 10.00000000000000178 ) ) ;
#943 = ORIENTED_EDGE ( 'NONE', *, *, #640, .T. ) ;
#944 = CARTESIAN_POINT ( 'NONE',  ( -60.50000000000002132, 70.00000000000000000, -50.50000000000000000 ) ) ;
#945 = EDGE_CURVE ( 'NONE', #2127, #1744, #92, .T. ) ;
#946 = CIRCLE ( 'NONE', #1157, 2.000000000000001776 ) ;
#947 = DIRECTION ( 'NONE',  ( 0.000000000000000000, 0.000000000000000000, 1.000000000000000000 ) ) ;
#948 = CARTESIAN_POINT ( 'NONE',  ( -40.99999999999999289, 52.00000000000000000, -38.10000000000000142 ) ) ;
#949 = EDGE_LOOP ( 'NONE', ( #151, #740, #964, #1022 ) ) ;
#950 = DIRECTION ( 'NONE',  ( 0.000000000000000000, -0.000000000000000000, -1.000000000000000000 ) ) ;
#951 = ADVANCED_FACE ( 'NONE', ( #586 ), #975, .T. ) ;
#952 = VECTOR ( 'NONE', #1481, 1000.000000000000000 ) ;
#953 = CARTESIAN_POINT ( 'NONE',  ( -60.50000000000002132, 8.000000000000000000, -36.10000000000000142 ) ) ;
#954 = ORIENTED_EDGE ( 'NONE', *, *, #721, .T. ) ;
#955 = CIRCLE ( 'NONE', #50, 2.000000000000001776 ) ;
#956 = CARTESIAN_POINT ( 'NONE',  ( -64.50000000000000000, 52.87177978870817441, 39.89999999999999858 ) ) ;
#957 = CIRCLE ( 'NONE', #529, 3.000000000000002665 ) ;
#958 = VERTEX_POINT ( 'NONE', #66 ) ;
#959 = CARTESIAN_POINT ( 'NONE',  ( -64.50000000000000000, 52.00000000000000000, -36.10000000000000142 ) ) ;
#960 = AXIS2_PLACEMENT_3D ( 'NONE', #2139, #442, #625 ) ;
#961 = CARTESIAN_POINT ( 'NONE',  ( -40.99999999999999289, 4.999999999999998224, 34.10000000000000853 ) ) ;
#962 = CARTESIAN_POINT ( 'NONE',  ( -60.50000000000002132, 8.000000000000000000, -40.10000000000000142 ) ) ;
#963 = EDGE_CURVE ( 'NONE', #1596, #164, #2124, .T. ) ;
#964 = ORIENTED_EDGE ( 'NONE', *, *, #644, .T. ) ;
#965 = CARTESIAN_POINT ( 'NONE',  ( -60.50000000000000000, 25.50000000000000000, 46.00000000000001421 ) ) ;
#966 = CYLINDRICAL_SURFACE ( 'NONE', #1440, 3.000000000000002665 ) ;
#967 = VERTEX_POINT ( 'NONE', #754 ) ;
#968 = CARTESIAN_POINT ( 'NONE',  ( -60.50000000000002132, 8.000000000000000000, -38.10000000000000142 ) ) ;
#969 = ORIENTED_EDGE ( 'NONE', *, *, #1544, .F. ) ;
#970 = DIRECTION ( 'NONE',  ( -0.000000000000000000, -0.000000000000000000, -1.000000000000000000 ) ) ;
#971 = CARTESIAN_POINT ( 'NONE',  ( -40.99999999999999289, 8.000000000000000000, -40.10000000000000142 ) ) ;
#972 = FACE_OUTER_BOUND ( 'NONE', #1418, .T. ) ;
#973 = VERTEX_POINT ( 'NONE', #965 ) ;
#974 = ORIENTED_EDGE ( 'NONE', *, *, #1423, .T. ) ;
#975 = PLANE ( 'NONE',  #162 ) ;
#976 = DIRECTION ( 'NONE',  ( 7.228014483236698281E-17, -1.000000000000000000, 0.000000000000000000 ) ) ;
#977 = EDGE_CURVE ( 'NONE', #1973, #1017, #2053, .T. ) ;
#978 = ORIENTED_EDGE ( 'NONE', *, *, #1230, .F. ) ;
#979 = CARTESIAN_POINT ( 'NONE',  ( -60.50000000000002132, 25.49999999999999645, -50.50000000000000000 ) ) ;
#980 = VERTEX_POINT ( 'NONE', #1960 ) ;
#981 = CARTESIAN_POINT ( 'NONE',  ( -56.75582596964623150, 65.00000000000000000, -50.50000000000000000 ) ) ;
#982 = DIRECTION ( 'NONE',  ( 0.000000000000000000, -0.000000000000000000, -1.000000000000000000 ) ) ;
#983 = VERTEX_POINT ( 'NONE', #1638 ) ;
#984 = LINE ( 'NONE', #2110, #482 ) ;
#985 = LINE ( 'NONE', #1474, #1656 ) ;
#986 = AXIS2_PLACEMENT_3D ( 'NONE', #181, #351, #1248 ) ;
#987 = VERTEX_POINT ( 'NONE', #765 ) ;
#988 = ADVANCED_FACE ( 'NONE', ( #778 ), #1971, .T. ) ;
#989 = DIRECTION ( 'NONE',  ( 1.374038396813312538E-16, -0.000000000000000000, 1.000000000000000000 ) ) ;
#990 = EDGE_LOOP ( 'NONE', ( #2022, #498, #1140, #819 ) ) ;
#991 = CIRCLE ( 'NONE', #193, 3.000000000000002665 ) ;
#992 = AXIS2_PLACEMENT_3D ( 'NONE', #1484, #1323, #1805 ) ;
#993 = FACE_OUTER_BOUND ( 'NONE', #251, .T. ) ;
#994 = CARTESIAN_POINT ( 'NONE',  ( -67.50000000000001421, 3.000000000000002665, -57.50000000000000000 ) ) ;
#995 = AXIS2_PLACEMENT_3D ( 'NONE', #720, #700, #2098 ) ;
#996 = DIRECTION ( 'NONE',  ( -1.000000000000000000, -0.000000000000000000, -0.000000000000000000 ) ) ;
#997 = CARTESIAN_POINT ( 'NONE',  ( -60.50000000000000000, 65.00000000000000000, -42.50000000000000000 ) ) ;
#998 = ORIENTED_EDGE ( 'NONE', *, *, #1003, .T. ) ;
#999 = LINE ( 'NONE', #312, #549 ) ;
#1000 = ORIENTED_EDGE ( 'NONE', *, *, #813, .F. ) ;
#1001 = LINE ( 'NONE', #120, #1057 ) ;
#1002 = LINE ( 'NONE', #1513, #1167 ) ;
#1003 = EDGE_CURVE ( 'NONE', #733, #1921, #1436, .T. ) ;
#1004 = EDGE_LOOP ( 'NONE', ( #1080, #2138, #455, #748 ) ) ;
#1005 = DIRECTION ( 'NONE',  ( -0.000000000000000000, -0.000000000000000000, 1.000000000000000000 ) ) ;
#1006 = CARTESIAN_POINT ( 'NONE',  ( 0.000000000000000000, 43.50000000000000000, -57.50000000000000000 ) ) ;
#1007 = EDGE_CURVE ( 'NONE', #1497, #1826, #1626, .T. ) ;
#1008 = ORIENTED_EDGE ( 'NONE', *, *, #1900, .F. ) ;
#1009 = LINE ( 'NONE', #1019, #2118 ) ;
#1010 = CARTESIAN_POINT ( 'NONE',  ( 39.50000000000000000, 43.50000000000000000, -57.50000000000000000 ) ) ;
#1011 = VERTEX_POINT ( 'NONE', #1274 ) ;
#1012 = DIRECTION ( 'NONE',  ( -1.000000000000000000, 0.000000000000000000, 0.000000000000000000 ) ) ;
#1013 = DIRECTION ( 'NONE',  ( 1.000000000000000000, 0.000000000000000000, 0.000000000000000000 ) ) ;
#1014 = ADVANCED_FACE ( 'NONE', ( #452 ), #1115, .F. ) ;
#1015 = DIRECTION ( 'NONE',  ( 0.000000000000000000, 0.000000000000000000, -1.000000000000000000 ) ) ;
#1016 = CARTESIAN_POINT ( 'NONE',  ( 64.49999999999997158, 70.00000000000000000, -50.50000000000000000 ) ) ;
#1017 = VERTEX_POINT ( 'NONE', #284 ) ;
#1018 = EDGE_CURVE ( 'NONE', #2171, #983, #984, .T. ) ;
#1019 = CARTESIAN_POINT ( 'NONE',  ( -64.50000000000000000, 55.00000000000000000, 0.000000000000000000 ) ) ;
#1020 = AXIS2_PLACEMENT_3D ( 'NONE', #896, #1920, #634 ) ;
#1021 = CARTESIAN_POINT ( 'NONE',  ( 67.50000000000000000, 65.00000000000000000, 10.00000000000000000 ) ) ;
#1022 = ORIENTED_EDGE ( 'NONE', *, *, #1578, .T. ) ;
#1023 = AXIS2_PLACEMENT_3D ( 'NONE', #25, #359, #1236 ) ;
#1024 = VECTOR ( 'NONE', #653, 1000.000000000000000 ) ;
#1025 = FACE_OUTER_BOUND ( 'NONE', #2205, .T. ) ;
#1026 = CIRCLE ( 'NONE', #375, 2.000000000000001776 ) ;
#1027 = ORIENTED_EDGE ( 'NONE', *, *, #676, .T. ) ;
#1028 = AXIS2_PLACEMENT_3D ( 'NONE', #881, #1259, #212 ) ;
#1029 = ORIENTED_EDGE ( 'NONE', *, *, #1352, .F. ) ;
#1030 = DIRECTION ( 'NONE',  ( 0.000000000000000000, 0.000000000000000000, -1.000000000000000000 ) ) ;
#1031 = ORIENTED_EDGE ( 'NONE', *, *, #858, .F. ) ;
#1032 = DIRECTION ( 'NONE',  ( 0.000000000000000000, -0.000000000000000000, 1.000000000000000000 ) ) ;
#1033 = FACE_OUTER_BOUND ( 'NONE', #897, .T. ) ;
#1034 = ORIENTED_EDGE ( 'NONE', *, *, #714, .T. ) ;
#1035 = DIRECTION ( 'NONE',  ( 0.000000000000000000, 1.000000000000000000, 0.000000000000000000 ) ) ;
#1036 = CARTESIAN_POINT ( 'NONE',  ( 64.49999999999998579, 67.00000000000000000, -57.50000000000000000 ) ) ;
#1037 = CARTESIAN_POINT ( 'NONE',  ( 60.49999999999999289, 70.00000000000000000, -50.50000000000000000 ) ) ;
#1038 = VERTEX_POINT ( 'NONE', #1792 ) ;
#1039 = DIRECTION ( 'NONE',  ( 1.000000000000000000, 0.000000000000000000, 0.000000000000000000 ) ) ;
#1040 = EDGE_CURVE ( 'NONE', #2162, #1404, #1026, .T. ) ;
#1041 = DIRECTION ( 'NONE',  ( 0.000000000000000000, -1.000000000000000000, 0.000000000000000000 ) ) ;
#1042 = ORIENTED_EDGE ( 'NONE', *, *, #273, .F. ) ;
#1043 = CARTESIAN_POINT ( 'NONE',  ( -40.99999999999999289, 51.12822021129181849, 39.89999999999999858 ) ) ;
#1044 = EDGE_CURVE ( 'NONE', #799, #385, #1662, .T. ) ;
#1045 = DIRECTION ( 'NONE',  ( 1.374038396813312538E-16, 0.000000000000000000, 1.000000000000000000 ) ) ;
#1046 = DIRECTION ( 'NONE',  ( -4.625929269271481378E-15, 0.000000000000000000, 1.000000000000000000 ) ) ;
#1047 = ORIENTED_EDGE ( 'NONE', *, *, #1858, .F. ) ;
#1048 = CARTESIAN_POINT ( 'NONE',  ( 64.50000000000001421, 3.000000000000002665, 54.50000000000000000 ) ) ;
#1049 = SPHERICAL_SURFACE ( 'NONE', #1903, 3.000000000000000000 ) ;
#1050 = VECTOR ( 'NONE', #906, 1000.000000000000000 ) ;
#1051 = VERTEX_POINT ( 'NONE', #1707 ) ;
#1052 = UNCERTAINTY_MEASURE_WITH_UNIT (LENGTH_MEASURE( 1.000000000000000082E-05 ), #2047, 'distance_accuracy_value', 'NONE');
#1053 = EDGE_CURVE ( 'NONE', #311, #1051, #1094, .T. ) ;
#1054 = CARTESIAN_POINT ( 'NONE',  ( 0.000000000000000000, 67.00000000000000000, 54.50000000000000000 ) ) ;
#1055 = VECTOR ( 'NONE', #1045, 1000.000000000000000 ) ;
#1056 = DIRECTION ( 'NONE',  ( 0.000000000000000000, 0.000000000000000000, 1.000000000000000000 ) ) ;
#1057 = VECTOR ( 'NONE', #108, 1000.000000000000000 ) ;
#1058 = LINE ( 'NONE', #1224, #1663 ) ;
#1059 = DIRECTION ( 'NONE',  ( 0.000000000000000000, 0.000000000000000000, 1.000000000000000000 ) ) ;
#1060 = AXIS2_PLACEMENT_3D ( 'NONE', #690, #1184, #679 ) ;
#1061 = VECTOR ( 'NONE', #2024, 1000.000000000000000 ) ;
#1062 = ORIENTED_EDGE ( 'NONE', *, *, #509, .F. ) ;
#1063 = VECTOR ( 'NONE', #1822, 1000.000000000000000 ) ;
#1064 = FACE_BOUND ( 'NONE', #1278, .T. ) ;
#1065 = EDGE_LOOP ( 'NONE', ( #768, #643, #1540, #1997 ) ) ;
#1066 = ORIENTED_EDGE ( 'NONE', *, *, #1930, .T. ) ;
#1067 = FACE_BOUND ( 'NONE', #1491, .T. ) ;
#1068 = EDGE_CURVE ( 'NONE', #419, #82, #125, .T. ) ;
#1069 = DIRECTION ( 'NONE',  ( 0.000000000000000000, 1.000000000000000000, 0.000000000000000000 ) ) ;
#1070 = DIRECTION ( 'NONE',  ( 0.000000000000000000, -0.000000000000000000, 1.000000000000000000 ) ) ;
#1071 = ORIENTED_EDGE ( 'NONE', *, *, #1178, .T. ) ;
#1072 = DIRECTION ( 'NONE',  ( 1.000000000000000000, 0.000000000000000000, -0.000000000000000000 ) ) ;
#1073 = EDGE_LOOP ( 'NONE', ( #134, #1162, #1908, #1000 ) ) ;
#1074 = CARTESIAN_POINT ( 'NONE',  ( -61.50000000000000000, 67.00000000000000000, 54.50000000000000000 ) ) ;
#1075 = ORIENTED_EDGE ( 'NONE', *, *, #1096, .F. ) ;
#1076 = CARTESIAN_POINT ( 'NONE',  ( -60.50000000000002132, 70.00000000000000000, -50.50000000000000000 ) ) ;
#1077 = DIRECTION ( 'NONE',  ( -0.000000000000000000, 1.000000000000000000, -0.000000000000000000 ) ) ;
#1078 = CARTESIAN_POINT ( 'NONE',  ( -61.50000000000000000, 67.00000000000000000, -54.50000000000000000 ) ) ;
#1079 = EDGE_CURVE ( 'NONE', #496, #138, #1385, .T. ) ;
#1080 = ORIENTED_EDGE ( 'NONE', *, *, #808, .T. ) ;
#1081 = ADVANCED_FACE ( 'NONE', ( #146 ), #320, .F. ) ;
#1082 = CARTESIAN_POINT ( 'NONE',  ( -60.50000000000002132, 70.00000000000000000, -35.09999999999999432 ) ) ;
#1083 = ORIENTED_EDGE ( 'NONE', *, *, #207, .T. ) ;
#1084 = DIRECTION ( 'NONE',  ( 0.000000000000000000, 0.000000000000000000, -1.000000000000000000 ) ) ;
#1085 = VERTEX_POINT ( 'NONE', #339 ) ;
#1086 = SPHERICAL_SURFACE ( 'NONE', #879, 3.000000000000000000 ) ;
#1087 = VECTOR ( 'NONE', #500, 1000.000000000000000 ) ;
#1088 = CARTESIAN_POINT ( 'NONE',  ( 64.50000000000002842, 70.00000000000000000, 50.50000000000000000 ) ) ;
#1089 = DIRECTION ( 'NONE',  ( 0.000000000000000000, 0.000000000000000000, 1.000000000000000000 ) ) ;
#1090 = VECTOR ( 'NONE', #31, 1000.000000000000000 ) ;
#1091 = AXIS2_PLACEMENT_3D ( 'NONE', #1155, #2033, #1012 ) ;
#1092 = ORIENTED_EDGE ( 'NONE', *, *, #1833, .T. ) ;
#1093 = CARTESIAN_POINT ( 'NONE',  ( -60.50000000000000711, 70.00000000000000000, 50.50000000000000000 ) ) ;
#1094 = CIRCLE ( 'NONE', #1733, 3.000000000000002665 ) ;
#1095 = CARTESIAN_POINT ( 'NONE',  ( -56.05224828740450249, 65.00000000000000000, 42.50000000000000000 ) ) ;
#1096 = EDGE_CURVE ( 'NONE', #593, #669, #955, .T. ) ;
#1097 = EDGE_LOOP ( 'NONE', ( #1062, #1219, #1583, #1549 ) ) ;
#1098 = AXIS2_PLACEMENT_3D ( 'NONE', #229, #578, #240 ) ;
#1099 = EDGE_LOOP ( 'NONE', ( #1034, #174, #894, #1071 ) ) ;
#1100 = DIRECTION ( 'NONE',  ( 0.000000000000000000, 1.000000000000000000, 0.000000000000000000 ) ) ;
#1101 = FACE_OUTER_BOUND ( 'NONE', #492, .T. ) ;
#1102 = CARTESIAN_POINT ( 'NONE',  ( -60.50000000000000711, 70.00000000000000000, 50.50000000000000000 ) ) ;
#1103 = MANIFOLD_SOLID_BREP ( 'Fillet6', #519 ) ;
#1104 = ORIENTED_EDGE ( 'NONE', *, *, #858, .T. ) ;
#1105 = DIRECTION ( 'NONE',  ( -0.000000000000000000, -0.000000000000000000, -1.000000000000000000 ) ) ;
#1106 = LINE ( 'NONE', #2146, #258 ) ;
#1107 = ORIENTED_EDGE ( 'NONE', *, *, #905, .T. ) ;
#1108 = ADVANCED_FACE ( 'NONE', ( #1853 ), #136, .F. ) ;
#1109 = ORIENTED_EDGE ( 'NONE', *, *, #893, .F. ) ;
#1110 = CARTESIAN_POINT ( 'NONE',  ( 64.50000000000000000, 0.000000000000000000, -1.556725762789621534E-14 ) ) ;
#1111 = EDGE_CURVE ( 'NONE', #585, #1192, #1885, .T. ) ;
#1112 = CARTESIAN_POINT ( 'NONE',  ( -60.49999999999996447, 30.00000000000000000, -46.00000000000000711 ) ) ;
#1113 = CARTESIAN_POINT ( 'NONE',  ( -60.50000000000002132, 52.00000000000000000, -38.10000000000000142 ) ) ;
#1114 = VERTEX_POINT ( 'NONE', #1016 ) ;
#1115 = PLANE ( 'NONE',  #1132 ) ;
#1116 = DIRECTION ( 'NONE',  ( -1.000000000000000000, -0.000000000000000000, -0.000000000000000000 ) ) ;
#1117 = ORIENTED_EDGE ( 'NONE', *, *, #711, .T. ) ;
#1118 = DIRECTION ( 'NONE',  ( 5.734623061080353420E-17, -0.000000000000000000, 1.000000000000000000 ) ) ;
#1119 = ORIENTED_EDGE ( 'NONE', *, *, #1178, .F. ) ;
#1120 = ADVANCED_FACE ( 'NONE', ( #1160 ), #650, .T. ) ;
#1121 = DIRECTION ( 'NONE',  ( -0.000000000000000000, -1.000000000000000000, -0.000000000000000000 ) ) ;
#1122 = EDGE_CURVE ( 'NONE', #224, #1797, #1332, .T. ) ;
#1123 = AXIS2_PLACEMENT_3D ( 'NONE', #829, #476, #1719 ) ;
#1124 = DIRECTION ( 'NONE',  ( 0.000000000000000000, -1.000000000000000000, 0.000000000000000000 ) ) ;
#1125 = DIRECTION ( 'NONE',  ( 0.000000000000000000, 0.000000000000000000, 1.000000000000000000 ) ) ;
#1126 = ORIENTED_EDGE ( 'NONE', *, *, #671, .T. ) ;
#1127 = CARTESIAN_POINT ( 'NONE',  ( -60.50000000000000711, 70.00000000000000000, 50.50000000000000000 ) ) ;
#1128 = VECTOR ( 'NONE', #1706, 1000.000000000000000 ) ;
#1129 = VECTOR ( 'NONE', #1512, 1000.000000000000000 ) ;
#1130 = LINE ( 'NONE', #600, #189 ) ;
#1131 = VERTEX_POINT ( 'NONE', #2005 ) ;
#1132 = AXIS2_PLACEMENT_3D ( 'NONE', #1141, #1612, #1818 ) ;
#1133 = DIRECTION ( 'NONE',  ( 0.000000000000000000, -1.000000000000000000, 0.000000000000000000 ) ) ;
#1134 = VECTOR ( 'NONE', #155, 1000.000000000000000 ) ;
#1135 = ORIENTED_EDGE ( 'NONE', *, *, #1235, .F. ) ;
#1136 = CARTESIAN_POINT ( 'NONE',  ( 6.500000000000000000, 31.50000000000000000, -57.50000000000000000 ) ) ;
#1137 = CARTESIAN_POINT ( 'NONE',  ( -61.50000000000000000, 70.00000000000000000, -57.50000000000000000 ) ) ;
#1138 = DIRECTION ( 'NONE',  ( 0.000000000000000000, 0.000000000000000000, -1.000000000000000000 ) ) ;
#1139 = ADVANCED_FACE ( 'NONE', ( #472 ), #1516, .T. ) ;
#1140 = ORIENTED_EDGE ( 'NONE', *, *, #2181, .T. ) ;
#1141 = CARTESIAN_POINT ( 'NONE',  ( -40.99999999999999289, 0.000000000000000000, 39.89999999999999858 ) ) ;
#1142 = CARTESIAN_POINT ( 'NONE',  ( -60.50000000000000000, 30.00000000000000000, 46.00000000000001421 ) ) ;
#1143 = ORIENTED_EDGE ( 'NONE', *, *, #352, .T. ) ;
#1144 = LINE ( 'NONE', #614, #90 ) ;
#1145 = EDGE_LOOP ( 'NONE', ( #1660, #210, #313, #1293 ) ) ;
#1146 = CARTESIAN_POINT ( 'NONE',  ( -40.99999999999999289, 8.000000000000000000, -38.10000000000000142 ) ) ;
#1147 = DIRECTION ( 'NONE',  ( 1.374038396813312538E-16, 0.000000000000000000, 1.000000000000000000 ) ) ;
#1148 = CARTESIAN_POINT ( 'NONE',  ( -60.49999999999997158, 25.41568567064863515, -46.00000000000000711 ) ) ;
#1149 = DIRECTION ( 'NONE',  ( 0.000000000000000000, 1.000000000000000000, 0.000000000000000000 ) ) ;
#1150 = ADVANCED_FACE ( 'NONE', ( #730 ), #1756, .T. ) ;
#1151 = CARTESIAN_POINT ( 'NONE',  ( -64.50000000000000000, 0.000000000000000000, -54.50000000000000000 ) ) ;
#1152 = VERTEX_POINT ( 'NONE', #2090 ) ;
#1153 = CARTESIAN_POINT ( 'NONE',  ( -61.50000000000000000, 3.000000000000002665, 54.50000000000000000 ) ) ;
#1154 = VERTEX_POINT ( 'NONE', #1577 ) ;
#1155 = CARTESIAN_POINT ( 'NONE',  ( 64.49999999999998579, 3.000000000000002665, -57.50000000000000000 ) ) ;
#1156 = CARTESIAN_POINT ( 'NONE',  ( -60.49999999999997158, 25.41568567064863515, -46.00000000000000711 ) ) ;
#1157 = AXIS2_PLACEMENT_3D ( 'NONE', #715, #1399, #1907 ) ;
#1158 = ORIENTED_EDGE ( 'NONE', *, *, #93, .T. ) ;
#1159 = ORIENTED_EDGE ( 'NONE', *, *, #749, .T. ) ;
#1160 = FACE_OUTER_BOUND ( 'NONE', #1229, .T. ) ;
#1161 = SHAPE_DEFINITION_REPRESENTATION ( #820, #659 ) ;
#1162 = ORIENTED_EDGE ( 'NONE', *, *, #433, .T. ) ;
#1163 = ADVANCED_FACE ( 'NONE', ( #2074, #1249 ), #914, .T. ) ;
#1164 = LINE ( 'NONE', #2020, #1265 ) ;
#1165 = ORIENTED_EDGE ( 'NONE', *, *, #1492, .T. ) ;
#1166 = CIRCLE ( 'NONE', #1667, 3.000000000000002665 ) ;
#1167 = VECTOR ( 'NONE', #304, 1000.000000000000000 ) ;
#1168 = DIRECTION ( 'NONE',  ( -1.000000000000000000, -0.000000000000000000, -0.000000000000000000 ) ) ;
#1169 = DIRECTION ( 'NONE',  ( 2.413528314402514090E-16, -0.000000000000000000, 1.000000000000000000 ) ) ;
#1170 = VECTOR ( 'NONE', #1281, 1000.000000000000000 ) ;
#1171 = EDGE_LOOP ( 'NONE', ( #1254, #876 ) ) ;
#1172 = CARTESIAN_POINT ( 'NONE',  ( 64.49999999999998579, 70.00000000000000000, -54.50000000000000000 ) ) ;
#1173 = DIRECTION ( 'NONE',  ( 0.000000000000000000, 0.000000000000000000, -1.000000000000000000 ) ) ;
#1174 = ORIENTED_EDGE ( 'NONE', *, *, #613, .F. ) ;
#1175 = LINE ( 'NONE', #1347, #844 ) ;
#1176 = DIRECTION ( 'NONE',  ( 5.734623061080353420E-17, -0.000000000000000000, 1.000000000000000000 ) ) ;
#1177 = ORIENTED_EDGE ( 'NONE', *, *, #1875, .T. ) ;
#1178 = EDGE_CURVE ( 'NONE', #1741, #296, #1589, .T. ) ;
#1179 = CARTESIAN_POINT ( 'NONE',  ( 57.50000000000000000, 34.31636524531450050, 31.20929227999029720 ) ) ;
#1180 = CARTESIAN_POINT ( 'NONE',  ( 67.50000000000001421, 70.00000000000000000, 54.50000000000000000 ) ) ;
#1181 = ADVANCED_FACE ( 'NONE', ( #1217 ), #1748, .T. ) ;
#1182 = ORIENTED_EDGE ( 'NONE', *, *, #328, .T. ) ;
#1183 = ORIENTED_EDGE ( 'NONE', *, *, #1833, .F. ) ;
#1184 = DIRECTION ( 'NONE',  ( 3.083952846180990281E-16, 0.000000000000000000, 1.000000000000000000 ) ) ;
#1185 = APPLICATION_PROTOCOL_DEFINITION ( 'draft international standard', 'automotive_design', 1998, #2014 ) ;
#1186 = ORIENTED_EDGE ( 'NONE', *, *, #44, .F. ) ;
#1187 = CARTESIAN_POINT ( 'NONE',  ( 64.50000000000001421, 67.00000000000000000, 50.50000000000000000 ) ) ;
#1188 = DIRECTION ( 'NONE',  ( -0.000000000000000000, -0.000000000000000000, 1.000000000000000000 ) ) ;
#1189 = ORIENTED_EDGE ( 'NONE', *, *, #1280, .F. ) ;
#1190 = EDGE_CURVE ( 'NONE', #451, #531, #383, .T. ) ;
#1191 = CARTESIAN_POINT ( 'NONE',  ( 0.000000000000000000, 67.00000000000000000, -54.50000000000000000 ) ) ;
#1192 = VERTEX_POINT ( 'NONE', #1724 ) ;
#1193 = FACE_OUTER_BOUND ( 'NONE', #68, .T. ) ;
#1194 =( NAMED_UNIT ( * ) PLANE_ANGLE_UNIT ( ) SI_UNIT ( $, .RADIAN. ) );
#1195 = DIRECTION ( 'NONE',  ( 0.000000000000000000, -1.000000000000000000, 0.000000000000000000 ) ) ;
#1196 = ORIENTED_EDGE ( 'NONE', *, *, #977, .F. ) ;
#1197 = DIRECTION ( 'NONE',  ( 0.000000000000000000, 0.000000000000000000, -1.000000000000000000 ) ) ;
#1198 = AXIS2_PLACEMENT_3D ( 'NONE', #1931, #197, #1072 ) ;
#1199 = DIRECTION ( 'NONE',  ( -0.000000000000000000, -0.000000000000000000, -1.000000000000000000 ) ) ;
#1200 = ORIENTED_EDGE ( 'NONE', *, *, #1432, .T. ) ;
#1201 = AXIS2_PLACEMENT_3D ( 'NONE', #751, #786, #86 ) ;
#1202 = VECTOR ( 'NONE', #1168, 1000.000000000000000 ) ;
#1203 = FACE_OUTER_BOUND ( 'NONE', #637, .T. ) ;
#1204 = VECTOR ( 'NONE', #426, 1000.000000000000000 ) ;
#1205 = ORIENTED_EDGE ( 'NONE', *, *, #654, .F. ) ;
#1206 = AXIS2_PLACEMENT_3D ( 'NONE', #1584, #1255, #1933 ) ;
#1207 = CARTESIAN_POINT ( 'NONE',  ( 57.50000000000000000, 34.31636524531450050, 26.20929227999030076 ) ) ;
#1208 = CARTESIAN_POINT ( 'NONE',  ( 62.50000000000002842, 65.00000000000000000, 10.00000000000000178 ) ) ;
#1209 = ADVANCED_FACE ( 'NONE', ( #390 ), #573, .T. ) ;
#1210 = ORIENTED_EDGE ( 'NONE', *, *, #1406, .F. ) ;
#1211 = DIRECTION ( 'NONE',  ( -0.000000000000000000, 0.000000000000000000, 1.000000000000000000 ) ) ;
#1212 = EDGE_CURVE ( 'NONE', #733, #973, #1937, .T. ) ;
#1213 = CARTESIAN_POINT ( 'NONE',  ( -60.50000000000000000, 65.00000000000000000, -42.50000000000000000 ) ) ;
#1214 = VERTEX_POINT ( 'NONE', #56 ) ;
#1215 = DIRECTION ( 'NONE',  ( 0.000000000000000000, 0.000000000000000000, 1.000000000000000000 ) ) ;
#1216 = PLANE ( 'NONE',  #2114 ) ;
#1217 = FACE_OUTER_BOUND ( 'NONE', #1867, .T. ) ;
#1218 = EDGE_CURVE ( 'NONE', #1741, #848, #771, .T. ) ;
#1219 = ORIENTED_EDGE ( 'NONE', *, *, #1291, .T. ) ;
#1220 = CARTESIAN_POINT ( 'NONE',  ( -60.50000000000002842, 55.34797069270403114, 42.50000000000000711 ) ) ;
#1221 = LINE ( 'NONE', #1563, #1050 ) ;
#1222 = ORIENTED_EDGE ( 'NONE', *, *, #215, .T. ) ;
#1223 = SPHERICAL_SURFACE ( 'NONE', #161, 3.000000000000000000 ) ;
#1224 = CARTESIAN_POINT ( 'NONE',  ( -64.50000000000000000, 0.000000000000000000, 39.89999999999999858 ) ) ;
#1225 = CARTESIAN_POINT ( 'NONE',  ( 64.50000000000001421, 70.00000000000000000, 54.50000000000000000 ) ) ;
#1226 = ORIENTED_EDGE ( 'NONE', *, *, #1446, .T. ) ;
#1227 = LINE ( 'NONE', #1897, #2111 ) ;
#1228 = VECTOR ( 'NONE', #112, 1000.000000000000000 ) ;
#1229 = EDGE_LOOP ( 'NONE', ( #1851, #861, #107, #917 ) ) ;
#1230 = EDGE_CURVE ( 'NONE', #406, #43, #54, .T. ) ;
#1231 = ADVANCED_FACE ( 'NONE', ( #744 ), #1739, .T. ) ;
#1232 = VECTOR ( 'NONE', #1827, 1000.000000000000000 ) ;
#1233 = FACE_OUTER_BOUND ( 'NONE', #803, .T. ) ;
#1234 = AXIS2_PLACEMENT_3D ( 'NONE', #336, #1704, #532 ) ;
#1235 = EDGE_CURVE ( 'NONE', #1085, #1290, #1239, .T. ) ;
#1236 = DIRECTION ( 'NONE',  ( 0.000000000000000000, 0.000000000000000000, -1.000000000000000000 ) ) ;
#1237 = CARTESIAN_POINT ( 'NONE',  ( -60.50000000000000711, 70.00000000000000000, 34.10000000000000853 ) ) ;
#1238 = VECTOR ( 'NONE', #1840, 1000.000000000000000 ) ;
#1239 = CIRCLE ( 'NONE', #199, 3.000000000000002665 ) ;
#1240 = ORIENTED_EDGE ( 'NONE', *, *, #920, .T. ) ;
#1241 = VECTOR ( 'NONE', #794, 1000.000000000000000 ) ;
#1242 = LINE ( 'NONE', #930, #1834 ) ;
#1243 = EDGE_LOOP ( 'NONE', ( #1617, #569, #1753, #795 ) ) ;
#1244 = PLANE ( 'NONE',  #167 ) ;
#1245 = ORIENTED_EDGE ( 'NONE', *, *, #205, .T. ) ;
#1246 = EDGE_CURVE ( 'NONE', #1530, #1832, #1396, .T. ) ;
#1247 = PLANE ( 'NONE',  #1234 ) ;
#1248 = DIRECTION ( 'NONE',  ( 0.000000000000000000, 0.000000000000000000, -1.000000000000000000 ) ) ;
#1249 = FACE_OUTER_BOUND ( 'NONE', #421, .T. ) ;
#1250 = ADVANCED_FACE ( 'NONE', ( #902 ), #13, .F. ) ;
#1251 = ORIENTED_EDGE ( 'NONE', *, *, #1598, .F. ) ;
#1252 = DIRECTION ( 'NONE',  ( 0.000000000000000000, 0.000000000000000000, 1.000000000000000000 ) ) ;
#1253 = PLANE ( 'NONE',  #840 ) ;
#1254 = ORIENTED_EDGE ( 'NONE', *, *, #1630, .F. ) ;
#1255 = DIRECTION ( 'NONE',  ( 0.000000000000000000, -1.000000000000000000, 0.000000000000000000 ) ) ;
#1256 = VERTEX_POINT ( 'NONE', #2057 ) ;
#1257 = CARTESIAN_POINT ( 'NONE',  ( -61.50000000000000000, 3.000000000000002665, -54.50000000000000000 ) ) ;
#1258 = CARTESIAN_POINT ( 'NONE',  ( 6.499999999999999112, 43.50000000000000000, -50.50000000000000000 ) ) ;
#1259 = DIRECTION ( 'NONE',  ( 2.413528314402514090E-16, -0.000000000000000000, 1.000000000000000000 ) ) ;
#1260 = EDGE_CURVE ( 'NONE', #1420, #2039, #182, .T. ) ;
#1261 = ORIENTED_EDGE ( 'NONE', *, *, #2125, .T. ) ;
#1262 = PLANE ( 'NONE',  #409 ) ;
#1263 = DIRECTION ( 'NONE',  ( 0.000000000000000000, -1.000000000000000000, 0.000000000000000000 ) ) ;
#1264 = ORIENTED_EDGE ( 'NONE', *, *, #1018, .T. ) ;
#1265 = VECTOR ( 'NONE', #2041, 1000.000000000000000 ) ;
#1266 = ORIENTED_EDGE ( 'NONE', *, *, #1372, .F. ) ;
#1267 = DIRECTION ( 'NONE',  ( -1.000000000000000000, 0.000000000000000000, 0.000000000000000000 ) ) ;
#1268 = AXIS2_PLACEMENT_3D ( 'NONE', #1207, #1789, #1766 ) ;
#1269 = LINE ( 'NONE', #761, #1800 ) ;
#1270 = CARTESIAN_POINT ( 'NONE',  ( 64.50000000000001421, 70.00000000000000000, 54.50000000000000000 ) ) ;
#1271 = VECTOR ( 'NONE', #822, 1000.000000000000000 ) ;
#1272 = AXIS2_PLACEMENT_3D ( 'NONE', #411, #911, #1586 ) ;
#1273 = ORIENTED_EDGE ( 'NONE', *, *, #1558, .T. ) ;
#1274 = CARTESIAN_POINT ( 'NONE',  ( 60.50000000000000711, 5.000000000000004441, 50.50000000000000000 ) ) ;
#1275 = EDGE_CURVE ( 'NONE', #110, #1511, #360, .T. ) ;
#1276 = AXIS2_PLACEMENT_3D ( 'NONE', #1450, #1950, #416 ) ;
#1277 = DIRECTION ( 'NONE',  ( 1.000000000000000000, 0.000000000000000000, 0.000000000000000000 ) ) ;
#1278 = EDGE_LOOP ( 'NONE', ( #387, #855 ) ) ;
#1279 = VECTOR ( 'NONE', #32, 1000.000000000000000 ) ;
#1280 = EDGE_CURVE ( 'NONE', #1154, #361, #849, .T. ) ;
#1281 = DIRECTION ( 'NONE',  ( 1.000000000000000000, -0.000000000000000000, 0.000000000000000000 ) ) ;
#1282 = ORIENTED_EDGE ( 'NONE', *, *, #782, .T. ) ;
#1283 = DIRECTION ( 'NONE',  ( 1.000000000000000000, 0.000000000000000000, 0.000000000000000000 ) ) ;
#1284 = DIRECTION ( 'NONE',  ( -0.000000000000000000, -1.000000000000000000, -0.000000000000000000 ) ) ;
#1285 = DIRECTION ( 'NONE',  ( 0.000000000000000000, 0.000000000000000000, -1.000000000000000000 ) ) ;
#1286 = ORIENTED_EDGE ( 'NONE', *, *, #2061, .T. ) ;
#1287 = CARTESIAN_POINT ( 'NONE',  ( 0.000000000000000000, 65.00000000000000000, 50.50000000000000000 ) ) ;
#1288 = ADVANCED_FACE ( 'NONE', ( #1434 ), #449, .F. ) ;
#1289 = CARTESIAN_POINT ( 'NONE',  ( 60.50000000000000711, 65.00000000000000000, 50.50000000000000000 ) ) ;
#1290 = VERTEX_POINT ( 'NONE', #1270 ) ;
#1291 = EDGE_CURVE ( 'NONE', #830, #967, #1807, .T. ) ;
#1292 = CARTESIAN_POINT ( 'NONE',  ( 60.38768043472764191, 25.50000000000000000, 50.50000000000000000 ) ) ;
#1293 = ORIENTED_EDGE ( 'NONE', *, *, #977, .T. ) ;
#1294 = SPHERICAL_SURFACE ( 'NONE', #264, 3.000000000000000000 ) ;
#1295 = CYLINDRICAL_SURFACE ( 'NONE', #552, 3.000000000000002665 ) ;
#1296 = DIRECTION ( 'NONE',  ( 0.000000000000000000, 0.000000000000000000, -1.000000000000000000 ) ) ;
#1297 = EDGE_LOOP ( 'NONE', ( #681, #65 ) ) ;
#1298 = CARTESIAN_POINT ( 'NONE',  ( -40.99999999999999289, 0.000000000000000000, 34.10000000000000853 ) ) ;
#1299 = DIRECTION ( 'NONE',  ( -0.000000000000000000, 1.000000000000000000, -0.000000000000000000 ) ) ;
#1300 = ORIENTED_EDGE ( 'NONE', *, *, #1352, .T. ) ;
#1301 = DIRECTION ( 'NONE',  ( -0.000000000000000000, -0.000000000000000000, -1.000000000000000000 ) ) ;
#1302 = ORIENTED_EDGE ( 'NONE', *, *, #764, .F. ) ;
#1303 = CARTESIAN_POINT ( 'NONE',  ( 60.38768043472764191, 30.00000000000000000, 50.50000000000000000 ) ) ;
#1304 = EDGE_CURVE ( 'NONE', #967, #830, #1524, .T. ) ;
#1305 = AXIS2_PLACEMENT_3D ( 'NONE', #464, #1665, #1651 ) ;
#1306 = CARTESIAN_POINT ( 'NONE',  ( -60.50000000000002132, 70.00000000000000000, -50.50000000000000000 ) ) ;
#1307 = LINE ( 'NONE', #1156, #595 ) ;
#1308 = ADVANCED_FACE ( 'NONE', ( #1815 ), #1459, .T. ) ;
#1309 = ORIENTED_EDGE ( 'NONE', *, *, #273, .T. ) ;
#1310 = LINE ( 'NONE', #1650, #1911 ) ;
#1311 = VECTOR ( 'NONE', #1946, 1000.000000000000000 ) ;
#1312 = VECTOR ( 'NONE', #188, 1000.000000000000000 ) ;
#1313 = DIRECTION ( 'NONE',  ( -0.000000000000000000, 0.000000000000000000, 1.000000000000000000 ) ) ;
#1314 = ORIENTED_EDGE ( 'NONE', *, *, #24, .F. ) ;
#1315 = CARTESIAN_POINT ( 'NONE',  ( -60.50000000000000711, 70.00000000000000000, 39.90000000000000568 ) ) ;
#1316 = AXIS2_PLACEMENT_3D ( 'NONE', #235, #928, #100 ) ;
#1317 = ORIENTED_EDGE ( 'NONE', *, *, #1674, .T. ) ;
#1318 = ADVANCED_FACE ( 'NONE', ( #109 ), #1600, .T. ) ;
#1319 = CARTESIAN_POINT ( 'NONE',  ( -61.50000000000000000, 70.00000000000000000, 57.50000000000000000 ) ) ;
#1320 = DIRECTION ( 'NONE',  ( 1.000000000000000000, 0.000000000000000000, -1.374038396813312538E-16 ) ) ;
#1321 = ORIENTED_EDGE ( 'NONE', *, *, #676, .F. ) ;
#1322 = ORIENTED_EDGE ( 'NONE', *, *, #2067, .T. ) ;
#1323 = DIRECTION ( 'NONE',  ( 0.000000000000000000, 0.000000000000000000, -1.000000000000000000 ) ) ;
#1324 = ADVANCED_FACE ( 'NONE', ( #972 ), #1981, .F. ) ;
#1325 = LINE ( 'NONE', #2161, #1408 ) ;
#1326 = ORIENTED_EDGE ( 'NONE', *, *, #166, .T. ) ;
#1327 = CARTESIAN_POINT ( 'NONE',  ( -60.50000000000002842, 55.34797069270403114, 50.50000000000000711 ) ) ;
#1328 = ORIENTED_EDGE ( 'NONE', *, *, #1544, .T. ) ;
#1329 = DIRECTION ( 'NONE',  ( 0.000000000000000000, 0.000000000000000000, 1.000000000000000000 ) ) ;
#1330 = DIRECTION ( 'NONE',  ( 1.000000000000000000, -0.000000000000000000, -3.083952846180990281E-16 ) ) ;
#1331 = VERTEX_POINT ( 'NONE', #797 ) ;
#1332 = LINE ( 'NONE', #1006, #1238 ) ;
#1333 = EDGE_CURVE ( 'NONE', #436, #1410, #1958, .T. ) ;
#1334 = DIRECTION ( 'NONE',  ( -1.734723475976805517E-15, -1.000000000000000000, 0.000000000000000000 ) ) ;
#1335 = ORIENTED_EDGE ( 'NONE', *, *, #1578, .F. ) ;
#1336 = DIRECTION ( 'NONE',  ( 0.000000000000000000, 1.000000000000000000, 0.000000000000000000 ) ) ;
#1337 = ORIENTED_EDGE ( 'NONE', *, *, #1630, .T. ) ;
#1338 = FACE_OUTER_BOUND ( 'NONE', #460, .T. ) ;
#1339 = DIRECTION ( 'NONE',  ( 0.000000000000000000, 0.000000000000000000, 1.000000000000000000 ) ) ;
#1340 = CIRCLE ( 'NONE', #2148, 3.000000000000002665 ) ;
#1341 = ORIENTED_EDGE ( 'NONE', *, *, #403, .T. ) ;
#1342 = CARTESIAN_POINT ( 'NONE',  ( 64.49999999999997158, 70.00000000000000000, -50.50000000000000000 ) ) ;
#1343 = CARTESIAN_POINT ( 'NONE',  ( 0.000000000000000000, 0.000000000000000000, 0.000000000000000000 ) ) ;
#1344 = ADVANCED_FACE ( 'NONE', ( #282 ), #1647, .F. ) ;
#1345 = CIRCLE ( 'NONE', #1728, 3.000000000000002665 ) ;
#1346 = ORIENTED_EDGE ( 'NONE', *, *, #71, .T. ) ;
#1347 = CARTESIAN_POINT ( 'NONE',  ( -56.75582596964623150, 65.00000000000000000, -42.50000000000000000 ) ) ;
#1348 = AXIS2_PLACEMENT_3D ( 'NONE', #1718, #1645, #1865 ) ;
#1349 = DIRECTION ( 'NONE',  ( -1.000000000000000000, -0.000000000000000000, -0.000000000000000000 ) ) ;
#1350 = ORIENTED_EDGE ( 'NONE', *, *, #714, .F. ) ;
#1351 = STYLED_ITEM ( 'NONE', ( #642 ), #1103 ) ;
#1352 = EDGE_CURVE ( 'NONE', #1812, #983, #414, .T. ) ;
#1353 = VECTOR ( 'NONE', #1366, 1000.000000000000000 ) ;
#1354 = CARTESIAN_POINT ( 'NONE',  ( 0.000000000000000000, 70.00000000000000000, 0.000000000000000000 ) ) ;
#1355 = CARTESIAN_POINT ( 'NONE',  ( 67.50000000000000000, 65.00000000000000000, -8.999999999999939604 ) ) ;
#1356 = AXIS2_PLACEMENT_3D ( 'NONE', #968, #805, #2172 ) ;
#1357 = ORIENTED_EDGE ( 'NONE', *, *, #325, .F. ) ;
#1358 = DIRECTION ( 'NONE',  ( 1.000000000000000000, -0.000000000000000000, 0.000000000000000000 ) ) ;
#1359 = DIRECTION ( 'NONE',  ( 0.000000000000000000, -0.000000000000000000, 1.000000000000000000 ) ) ;
#1360 = ORIENTED_EDGE ( 'NONE', *, *, #1708, .T. ) ;
#1361 = LINE ( 'NONE', #2029, #1557 ) ;
#1362 = ADVANCED_FACE ( 'NONE', ( #2153 ), #245, .F. ) ;
#1363 = DIRECTION ( 'NONE',  ( 1.000000000000000000, -0.000000000000000000, -0.000000000000000000 ) ) ;
#1364 = ORIENTED_EDGE ( 'NONE', *, *, #1079, .T. ) ;
#1365 = FACE_OUTER_BOUND ( 'NONE', #1785, .T. ) ;
#1366 = DIRECTION ( 'NONE',  ( -1.000000000000000000, 0.000000000000000000, 0.000000000000000000 ) ) ;
#1367 = FACE_OUTER_BOUND ( 'NONE', #1145, .T. ) ;
#1368 = ORIENTED_EDGE ( 'NONE', *, *, #1607, .T. ) ;
#1369 = CARTESIAN_POINT ( 'NONE',  ( 64.50000000000000000, 67.00000000000000000, -1.556725762789621534E-14 ) ) ;
#1370 = FACE_OUTER_BOUND ( 'NONE', #260, .T. ) ;
#1371 = ORIENTED_EDGE ( 'NONE', *, *, #380, .T. ) ;
#1372 = EDGE_CURVE ( 'NONE', #1410, #311, #558, .T. ) ;
#1373 = CARTESIAN_POINT ( 'NONE',  ( 67.50000000000000000, 67.00000000000000000, -8.999999999999939604 ) ) ;
#1374 = EDGE_LOOP ( 'NONE', ( #1027, #1364, #612, #2070 ) ) ;
#1375 = CARTESIAN_POINT ( 'NONE',  ( 64.50000000000001421, 67.00000000000000000, 54.50000000000000000 ) ) ;
#1376 = CARTESIAN_POINT ( 'NONE',  ( 67.49999999999998579, 70.00000000000000000, -54.50000000000000000 ) ) ;
#1377 = LINE ( 'NONE', #163, #695 ) ;
#1378 = ORIENTED_EDGE ( 'NONE', *, *, #144, .T. ) ;
#1379 = CARTESIAN_POINT ( 'NONE',  ( -60.49999999999997158, 25.41568567064863515, -50.50000000000000000 ) ) ;
#1380 = VECTOR ( 'NONE', #36, 1000.000000000000000 ) ;
#1381 = DIRECTION ( 'NONE',  ( 1.374038396813312538E-16, 0.000000000000000000, 1.000000000000000000 ) ) ;
#1382 = VERTEX_POINT ( 'NONE', #73 ) ;
#1383 = AXIS2_PLACEMENT_3D ( 'NONE', #1354, #2023, #1824 ) ;
#1384 = DIRECTION ( 'NONE',  ( 1.000000000000000000, 0.000000000000000000, -0.000000000000000000 ) ) ;
#1385 = CIRCLE ( 'NONE', #1060, 3.000000000000002665 ) ;
#1386 = EDGE_CURVE ( 'NONE', #1114, #646, #762, .T. ) ;
#1387 = AXIS2_PLACEMENT_3D ( 'NONE', #1779, #1089, #597 ) ;
#1388 = DIRECTION ( 'NONE',  ( -0.000000000000000000, 1.000000000000000000, 0.000000000000000000 ) ) ;
#1389 = CARTESIAN_POINT ( 'NONE',  ( 60.38768043472764191, 30.00000000000000000, 46.00000000000000711 ) ) ;
#1390 = ORIENTED_EDGE ( 'NONE', *, *, #808, .F. ) ;
#1391 = DIRECTION ( 'NONE',  ( -0.000000000000000000, -1.000000000000000000, -0.000000000000000000 ) ) ;
#1392 = LINE ( 'NONE', #1082, #1380 ) ;
#1393 = ORIENTED_EDGE ( 'NONE', *, *, #1190, .T. ) ;
#1394 = DIRECTION ( 'NONE',  ( 1.000000000000000000, -0.000000000000000000, -1.334402673828313339E-16 ) ) ;
#1395 = FACE_OUTER_BOUND ( 'NONE', #9, .T. ) ;
#1396 = LINE ( 'NONE', #541, #345 ) ;
#1397 = EDGE_LOOP ( 'NONE', ( #29, #2116, #506, #590 ) ) ;
#1398 = EDGE_CURVE ( 'NONE', #545, #1114, #1591, .T. ) ;
#1399 = DIRECTION ( 'NONE',  ( -1.000000000000000000, -0.000000000000000000, 1.374038396813312538E-16 ) ) ;
#1400 = VERTEX_POINT ( 'NONE', #268 ) ;
#1401 = LINE ( 'NONE', #1556, #553 ) ;
#1402 = LINE ( 'NONE', #2073, #2152 ) ;
#1403 = DIRECTION ( 'NONE',  ( 1.374038396813312538E-16, 0.000000000000000000, 1.000000000000000000 ) ) ;
#1404 = VERTEX_POINT ( 'NONE', #962 ) ;
#1405 = DIRECTION ( 'NONE',  ( 0.000000000000000000, -1.000000000000000000, 0.000000000000000000 ) ) ;
#1406 = EDGE_CURVE ( 'NONE', #1464, #885, #787, .T. ) ;
#1407 = DIRECTION ( 'NONE',  ( 5.734623061080353420E-17, -0.000000000000000000, 1.000000000000000000 ) ) ;
#1408 = VECTOR ( 'NONE', #1116, 1000.000000000000000 ) ;
#1409 = EDGE_LOOP ( 'NONE', ( #1266, #101, #2147 ) ) ;
#1410 = VERTEX_POINT ( 'NONE', #619 ) ;
#1411 = VECTOR ( 'NONE', #234, 1000.000000000000000 ) ;
#1412 = DIRECTION ( 'NONE',  ( 1.000000000000000000, 0.000000000000000000, 0.000000000000000000 ) ) ;
#1413 = EDGE_CURVE ( 'NONE', #1400, #1592, #1307, .T. ) ;
#1414 = VECTOR ( 'NONE', #594, 1000.000000000000000 ) ;
#1415 = CARTESIAN_POINT ( 'NONE',  ( -61.50000000000000000, 0.000000000000000000, 54.50000000000000000 ) ) ;
#1416 = AXIS2_PLACEMENT_3D ( 'NONE', #274, #1149, #1985 ) ;
#1417 = VECTOR ( 'NONE', #1330, 1000.000000000000000 ) ;
#1418 = EDGE_LOOP ( 'NONE', ( #788, #557, #1934, #1750 ) ) ;
#1419 = CARTESIAN_POINT ( 'NONE',  ( 67.50000000000000000, 34.31636524531450050, 21.20929227999030431 ) ) ;
#1420 = VERTEX_POINT ( 'NONE', #832 ) ;
#1421 = ORIENTED_EDGE ( 'NONE', *, *, #1096, .T. ) ;
#1422 = LINE ( 'NONE', #570, #588 ) ;
#1423 = EDGE_CURVE ( 'NONE', #545, #496, #481, .T. ) ;
#1424 = DIRECTION ( 'NONE',  ( -4.313431103236776917E-15, -1.000000000000000000, 0.000000000000000000 ) ) ;
#1425 = DIRECTION ( 'NONE',  ( 4.313431103236776917E-15, 1.000000000000000000, -7.189051838727961200E-16 ) ) ;
#1426 = ORIENTED_EDGE ( 'NONE', *, *, #505, .T. ) ;
#1427 = CARTESIAN_POINT ( 'NONE',  ( 60.49999999999999289, 70.00000000000000000, -50.50000000000000000 ) ) ;
#1428 = FACE_OUTER_BOUND ( 'NONE', #1495, .T. ) ;
#1429 = ORIENTED_EDGE ( 'NONE', *, *, #836, .F. ) ;
#1430 = ORIENTED_EDGE ( 'NONE', *, *, #2108, .F. ) ;
#1431 = CARTESIAN_POINT ( 'NONE',  ( -60.50000000000000711, 70.00000000000000000, 50.50000000000000000 ) ) ;
#1432 = EDGE_CURVE ( 'NONE', #1497, #1744, #639, .T. ) ;
#1433 = CARTESIAN_POINT ( 'NONE',  ( -60.50000000000001421, 5.000000000000000000, 8.312932300720542740E-15 ) ) ;
#1434 = FACE_OUTER_BOUND ( 'NONE', #1687, .T. ) ;
#1435 = ORIENTED_EDGE ( 'NONE', *, *, #1469, .T. ) ;
#1436 = LINE ( 'NONE', #939, #809 ) ;
#1437 = EDGE_CURVE ( 'NONE', #1970, #2188, #1002, .T. ) ;
#1438 = CARTESIAN_POINT ( 'NONE',  ( 0.000000000000000000, 31.50000000000000000, -57.50000000000000000 ) ) ;
#1439 = ORIENTED_EDGE ( 'NONE', *, *, #2136, .T. ) ;
#1440 = AXIS2_PLACEMENT_3D ( 'NONE', #103, #791, #418 ) ;
#1441 = ORIENTED_EDGE ( 'NONE', *, *, #1446, .F. ) ;
#1442 = LINE ( 'NONE', #1634, #1414 ) ;
#1443 = VECTOR ( 'NONE', #2119, 1000.000000000000000 ) ;
#1444 = DIRECTION ( 'NONE',  ( 1.000000000000000000, 0.000000000000000000, 0.000000000000000000 ) ) ;
#1445 = CARTESIAN_POINT ( 'NONE',  ( 64.49999999999997158, 70.00000000000000000, -50.50000000000000000 ) ) ;
#1446 = EDGE_CURVE ( 'NONE', #186, #1783, #1850, .T. ) ;
#1447 = VECTOR ( 'NONE', #616, 1000.000000000000000 ) ;
#1448 = AXIS2_PLACEMENT_3D ( 'NONE', #247, #2135, #950 ) ;
#1449 = VERTEX_POINT ( 'NONE', #2201 ) ;
#1450 = CARTESIAN_POINT ( 'NONE',  ( 0.000000000000000000, 0.000000000000000000, 0.000000000000000000 ) ) ;
#1451 = AXIS2_PLACEMENT_3D ( 'NONE', #2133, #608, #583 ) ;
#1452 = DIRECTION ( 'NONE',  ( 1.000000000000000000, 0.000000000000000000, 0.000000000000000000 ) ) ;
#1453 = ORIENTED_EDGE ( 'NONE', *, *, #1788, .T. ) ;
#1454 = VECTOR ( 'NONE', #116, 1000.000000000000000 ) ;
#1455 = LINE ( 'NONE', #1811, #2021 ) ;
#1456 = EDGE_LOOP ( 'NONE', ( #1574, #1441, #1962, #2036 ) ) ;
#1457 = LINE ( 'NONE', #2131, #1520 ) ;
#1458 = CARTESIAN_POINT ( 'NONE',  ( -61.50000000000000000, 67.00000000000000000, -57.50000000000000000 ) ) ;
#1459 = CYLINDRICAL_SURFACE ( 'NONE', #1387, 3.000000000000002665 ) ;
#1460 = ORIENTED_EDGE ( 'NONE', *, *, #1502, .T. ) ;
#1461 = DIRECTION ( 'NONE',  ( -1.000000000000000000, -0.000000000000000000, 1.374038396813312538E-16 ) ) ;
#1462 = DIRECTION ( 'NONE',  ( 0.000000000000000000, 1.000000000000000000, 0.000000000000000000 ) ) ;
#1463 = EDGE_CURVE ( 'NONE', #1797, #1596, #495, .T. ) ;
#1464 = VERTEX_POINT ( 'NONE', #662 ) ;
#1465 = EDGE_CURVE ( 'NONE', #1131, #1701, #884, .T. ) ;
#1466 = DIRECTION ( 'NONE',  ( 2.413528314402514090E-16, -0.000000000000000000, 1.000000000000000000 ) ) ;
#1467 = ORIENTED_EDGE ( 'NONE', *, *, #509, .T. ) ;
#1468 = DIRECTION ( 'NONE',  ( 0.000000000000000000, 0.000000000000000000, 1.000000000000000000 ) ) ;
#1469 = EDGE_CURVE ( 'NONE', #838, #1154, #2167, .T. ) ;
#1470 = CARTESIAN_POINT ( 'NONE',  ( 60.49999999999997158, 30.00000000000000000, -46.00000000000000711 ) ) ;
#1471 = CARTESIAN_POINT ( 'NONE',  ( -60.50000000000000711, 61.00000000000000000, -42.50000000000000000 ) ) ;
#1472 = ORIENTED_EDGE ( 'NONE', *, *, #384, .T. ) ;
#1473 = CARTESIAN_POINT ( 'NONE',  ( -56.05224828740450249, 65.00000000000000000, 50.50000000000000000 ) ) ;
#1474 = CARTESIAN_POINT ( 'NONE',  ( 64.50000000000000000, 70.00000000000000000, 54.50000000000000000 ) ) ;
#1475 = VERTEX_POINT ( 'NONE', #1355 ) ;
#1476 = EDGE_CURVE ( 'NONE', #436, #1214, #1490, .T. ) ;
#1477 = CARTESIAN_POINT ( 'NONE',  ( 57.50000000000000000, 34.31636524531450050, 21.20929227999030431 ) ) ;
#1478 = ORIENTED_EDGE ( 'NONE', *, *, #1788, .F. ) ;
#1479 = EDGE_CURVE ( 'NONE', #1816, #1475, #143, .T. ) ;
#1480 = VECTOR ( 'NONE', #1349, 1000.000000000000000 ) ;
#1481 = DIRECTION ( 'NONE',  ( -0.000000000000000000, -0.000000000000000000, -1.000000000000000000 ) ) ;
#1482 = DIRECTION ( 'NONE',  ( 0.000000000000000000, 0.000000000000000000, 1.000000000000000000 ) ) ;
#1483 = ORIENTED_EDGE ( 'NONE', *, *, #447, .T. ) ;
#1484 = CARTESIAN_POINT ( 'NONE',  ( -40.99999999999999289, 0.000000000000000000, -35.09999999999999432 ) ) ;
#1485 = AXIS2_PLACEMENT_3D ( 'NONE', #1172, #1504, #1515 ) ;
#1486 = CARTESIAN_POINT ( 'NONE',  ( 0.000000000000000000, 65.00000000000000000, -50.50000000000000000 ) ) ;
#1487 = VERTEX_POINT ( 'NONE', #292 ) ;
#1488 = VECTOR ( 'NONE', #610, 1000.000000000000000 ) ;
#1489 = DIRECTION ( 'NONE',  ( -2.413528314402514090E-16, 0.000000000000000000, -1.000000000000000000 ) ) ;
#1490 = CIRCLE ( 'NONE', #88, 3.000000000000002665 ) ;
#1491 = EDGE_LOOP ( 'NONE', ( #722, #604, #1864, #1117 ) ) ;
#1492 = EDGE_CURVE ( 'NONE', #833, #1973, #504, .T. ) ;
#1493 = LINE ( 'NONE', #1179, #444 ) ;
#1494 = DIRECTION ( 'NONE',  ( 0.000000000000000000, 0.000000000000000000, -1.000000000000000000 ) ) ;
#1495 = EDGE_LOOP ( 'NONE', ( #348, #461, #1629, #907 ) ) ;
#1496 = CARTESIAN_POINT ( 'NONE',  ( 39.50000000000000000, 0.000000000000000000, -57.50000000000000000 ) ) ;
#1497 = VERTEX_POINT ( 'NONE', #1692 ) ;
#1498 = FACE_OUTER_BOUND ( 'NONE', #74, .T. ) ;
#1499 = ORIENTED_EDGE ( 'NONE', *, *, #813, .T. ) ;
#1500 = LINE ( 'NONE', #458, #807 ) ;
#1501 = DIRECTION ( 'NONE',  ( -0.000000000000000000, 1.000000000000000000, 0.000000000000000000 ) ) ;
#1502 = EDGE_CURVE ( 'NONE', #1152, #2171, #1825, .T. ) ;
#1503 = EDGE_LOOP ( 'NONE', ( #2109, #1874, #1210, #1955 ) ) ;
#1504 = DIRECTION ( 'NONE',  ( 0.000000000000000000, -1.000000000000000000, 0.000000000000000000 ) ) ;
#1505 = FILL_AREA_STYLE_COLOUR ( '', #2191 ) ;
#1506 = DIRECTION ( 'NONE',  ( 0.000000000000000000, 0.000000000000000000, 1.000000000000000000 ) ) ;
#1507 = ORIENTED_EDGE ( 'NONE', *, *, #1517, .T. ) ;
#1508 = ADVANCED_FACE ( 'NONE', ( #121 ), #2034, .T. ) ;
#1509 = CARTESIAN_POINT ( 'NONE',  ( 6.500000000000002665, 4.698209414103855177E-16, -50.50000000000000000 ) ) ;
#1510 = LINE ( 'NONE', #177, #1795 ) ;
#1511 = VERTEX_POINT ( 'NONE', #811 ) ;
#1512 = DIRECTION ( 'NONE',  ( -0.000000000000000000, -1.000000000000000000, -0.000000000000000000 ) ) ;
#1513 = CARTESIAN_POINT ( 'NONE',  ( -40.99999999999999289, 8.871779788708177961, 39.89999999999999858 ) ) ;
#1514 = ORIENTED_EDGE ( 'NONE', *, *, #1230, .T. ) ;
#1515 = DIRECTION ( 'NONE',  ( 0.000000000000000000, 0.000000000000000000, -1.000000000000000000 ) ) ;
#1516 = PLANE ( 'NONE',  #266 ) ;
#1517 = EDGE_CURVE ( 'NONE', #1449, #436, #469, .T. ) ;
#1518 = ORIENTED_EDGE ( 'NONE', *, *, #215, .F. ) ;
#1519 = DIRECTION ( 'NONE',  ( 1.000000000000000000, 0.000000000000000000, -2.413528314402508173E-16 ) ) ;
#1520 = VECTOR ( 'NONE', #605, 1000.000000000000000 ) ;
#1521 = CARTESIAN_POINT ( 'NONE',  ( 64.49999999999998579, 70.00000000000000000, 50.50000000000000000 ) ) ;
#1522 = ORIENTED_EDGE ( 'NONE', *, *, #1760, .T. ) ;
#1523 = AXIS2_PLACEMENT_3D ( 'NONE', #1037, #892, #1902 ) ;
#1524 = CIRCLE ( 'NONE', #1451, 2.000000000000001776 ) ;
#1525 = CYLINDRICAL_SURFACE ( 'NONE', #1841, 2.000000000000001776 ) ;
#1526 = DIRECTION ( 'NONE',  ( 0.000000000000000000, -1.000000000000000000, 0.000000000000000000 ) ) ;
#1527 = ORIENTED_EDGE ( 'NONE', *, *, #131, .T. ) ;
#1528 = CARTESIAN_POINT ( 'NONE',  ( -64.50000000000000000, 55.00000000000000000, -35.09999999999999432 ) ) ;
#1529 = DIRECTION ( 'NONE',  ( 0.000000000000000000, 0.000000000000000000, 1.000000000000000000 ) ) ;
#1530 = VERTEX_POINT ( 'NONE', #2175 ) ;
#1531 = CYLINDRICAL_SURFACE ( 'NONE', #1348, 3.000000000000002665 ) ;
#1532 = EDGE_CURVE ( 'NONE', #838, #1290, #957, .T. ) ;
#1533 = DIRECTION ( 'NONE',  ( 0.000000000000000000, -0.000000000000000000, -1.000000000000000000 ) ) ;
#1534 = ORIENTED_EDGE ( 'NONE', *, *, #490, .T. ) ;
#1535 = ADVANCED_FACE ( 'NONE', ( #2071, #739 ), #1244, .F. ) ;
#1536 = CARTESIAN_POINT ( 'NONE',  ( -60.50000000000002132, 70.00000000000000000, -50.50000000000000000 ) ) ;
#1537 = EDGE_LOOP ( 'NONE', ( #1726, #1534, #542, #1165 ) ) ;
#1538 = ORIENTED_EDGE ( 'NONE', *, *, #883, .F. ) ;
#1539 = CARTESIAN_POINT ( 'NONE',  ( -61.50000000000000000, 67.00000000000000000, -54.50000000000000000 ) ) ;
#1540 = ORIENTED_EDGE ( 'NONE', *, *, #269, .T. ) ;
#1541 = CARTESIAN_POINT ( 'NONE',  ( -60.50000000000002132, 52.00000000000000000, -40.10000000000000142 ) ) ;
#1542 = DIRECTION ( 'NONE',  ( 0.000000000000000000, 0.000000000000000000, 1.000000000000000000 ) ) ;
#1543 = ORIENTED_EDGE ( 'NONE', *, *, #2199, .T. ) ;
#1544 = EDGE_CURVE ( 'NONE', #652, #1214, #1881, .T. ) ;
#1545 = DIRECTION ( 'NONE',  ( -1.000000000000000000, -0.000000000000000000, -0.000000000000000000 ) ) ;
#1546 = LINE ( 'NONE', #1916, #587 ) ;
#1547 = DIRECTION ( 'NONE',  ( -1.000000000000000000, 0.000000000000000000, 5.738171702200635624E-17 ) ) ;
#1548 = VECTOR ( 'NONE', #2196, 1000.000000000000000 ) ;
#1549 = ORIENTED_EDGE ( 'NONE', *, *, #613, .T. ) ;
#1550 = LINE ( 'NONE', #332, #1024 ) ;
#1551 = VECTOR ( 'NONE', #1005, 1000.000000000000000 ) ;
#1552 = CARTESIAN_POINT ( 'NONE',  ( -61.50000000000000000, 67.00000000000000000, 57.50000000000000000 ) ) ;
#1553 = ORIENTED_EDGE ( 'NONE', *, *, #1683, .T. ) ;
#1554 = CIRCLE ( 'NONE', #372, 2.000000000000001776 ) ;
#1555 = VECTOR ( 'NONE', #7, 1000.000000000000000 ) ;
#1556 = CARTESIAN_POINT ( 'NONE',  ( -40.99999999999999289, 52.00000000000000000, -40.10000000000000142 ) ) ;
#1557 = VECTOR ( 'NONE', #1039, 1000.000000000000000 ) ;
#1558 = EDGE_CURVE ( 'NONE', #833, #799, #2160, .T. ) ;
#1559 = VECTOR ( 'NONE', #776, 1000.000000000000000 ) ;
#1560 = DIRECTION ( 'NONE',  ( 0.000000000000000000, 0.000000000000000000, -1.000000000000000000 ) ) ;
#1561 = CARTESIAN_POINT ( 'NONE',  ( 64.50000000000001421, 67.00000000000000000, 54.50000000000000000 ) ) ;
#1562 = ORIENTED_EDGE ( 'NONE', *, *, #1304, .T. ) ;
#1563 = CARTESIAN_POINT ( 'NONE',  ( -40.99999999999999289, 4.999999999999998224, -35.09999999999999432 ) ) ;
#1564 = VERTEX_POINT ( 'NONE', #898 ) ;
#1565 = DIRECTION ( 'NONE',  ( 1.000000000000000000, 0.000000000000000000, 0.000000000000000000 ) ) ;
#1566 = DIRECTION ( 'NONE',  ( -1.000000000000000000, 0.000000000000000000, 5.734623061080353420E-17 ) ) ;
#1567 = CARTESIAN_POINT ( 'NONE',  ( 64.50000000000000000, 67.00000000000000000, 10.00000000000000178 ) ) ;
#1568 = EDGE_CURVE ( 'NONE', #178, #1679, #233, .T. ) ;
#1569 = ORIENTED_EDGE ( 'NONE', *, *, #252, .F. ) ;
#1570 = DIRECTION ( 'NONE',  ( -0.000000000000000000, -1.000000000000000000, -0.000000000000000000 ) ) ;
#1571 = EDGE_CURVE ( 'NONE', #833, #2094, #2054, .T. ) ;
#1572 = CARTESIAN_POINT ( 'NONE',  ( 64.49999999999998579, 3.000000000000002665, -54.50000000000000000 ) ) ;
#1573 = ORIENTED_EDGE ( 'NONE', *, *, #1218, .T. ) ;
#1574 = ORIENTED_EDGE ( 'NONE', *, *, #1740, .F. ) ;
#1575 = DIRECTION ( 'NONE',  ( -1.000000000000000000, -0.000000000000000000, -0.000000000000000000 ) ) ;
#1576 = DIRECTION ( 'NONE',  ( -0.000000000000000000, -1.000000000000000000, -0.000000000000000000 ) ) ;
#1577 = CARTESIAN_POINT ( 'NONE',  ( 67.50000000000001421, 3.000000000000002665, 54.50000000000000000 ) ) ;
#1578 = EDGE_CURVE ( 'NONE', #1331, #1487, #932, .T. ) ;
#1579 = ORIENTED_EDGE ( 'NONE', *, *, #1044, .T. ) ;
#1580 = DIRECTION ( 'NONE',  ( 1.374038396813312538E-16, 0.000000000000000000, 1.000000000000000000 ) ) ;
#1581 = DIRECTION ( 'NONE',  ( 0.000000000000000000, -0.000000000000000000, 1.000000000000000000 ) ) ;
#1582 = VECTOR ( 'NONE', #1277, 1000.000000000000000 ) ;
#1583 = ORIENTED_EDGE ( 'NONE', *, *, #601, .T. ) ;
#1584 = CARTESIAN_POINT ( 'NONE',  ( 64.49999999999998579, 3.000000000000002665, -54.50000000000000000 ) ) ;
#1585 = EDGE_LOOP ( 'NONE', ( #2017, #974, #1321, #511, #1922, #842, #1774, #1435, #1309, #1579 ) ) ;
#1586 = DIRECTION ( 'NONE',  ( -1.374038396813312538E-16, 0.000000000000000000, -1.000000000000000000 ) ) ;
#1587 = AXIS2_PLACEMENT_3D ( 'NONE', #2166, #638, #1329 ) ;
#1588 = CARTESIAN_POINT ( 'NONE',  ( 67.50000000000000000, 34.31636524531450050, 31.20929227999029720 ) ) ;
#1589 = LINE ( 'NONE', #871, #1590 ) ;
#1590 = VECTOR ( 'NONE', #1403, 1000.000000000000000 ) ;
#1591 = CIRCLE ( 'NONE', #2019, 3.000000000000002665 ) ;
#1592 = VERTEX_POINT ( 'NONE', #2115 ) ;
#1593 = PLANE ( 'NONE',  #115 ) ;
#1594 = EDGE_LOOP ( 'NONE', ( #620, #941 ) ) ;
#1595 = ADVANCED_FACE ( 'NONE', ( #591 ), #1954, .T. ) ;
#1596 = VERTEX_POINT ( 'NONE', #770 ) ;
#1597 = FACE_OUTER_BOUND ( 'NONE', #514, .T. ) ;
#1598 = EDGE_CURVE ( 'NONE', #1921, #1038, #1796, .T. ) ;
#1599 = DIRECTION ( 'NONE',  ( 0.000000000000000000, 0.000000000000000000, -1.000000000000000000 ) ) ;
#1600 = CYLINDRICAL_SURFACE ( 'NONE', #1847, 3.000000000000002665 ) ;
#1601 = EDGE_LOOP ( 'NONE', ( #1174, #1075 ) ) ;
#1602 = LINE ( 'NONE', #1093, #769 ) ;
#1603 = DIRECTION ( 'NONE',  ( -1.000000000000000000, 0.000000000000000000, 0.000000000000000000 ) ) ;
#1604 = ORIENTED_EDGE ( 'NONE', *, *, #1517, .F. ) ;
#1605 = DIRECTION ( 'NONE',  ( 1.000000000000000000, 0.000000000000000000, -0.000000000000000000 ) ) ;
#1606 = ORIENTED_EDGE ( 'NONE', *, *, #1190, .F. ) ;
#1607 = EDGE_CURVE ( 'NONE', #1592, #980, #1455, .T. ) ;
#1608 = FACE_BOUND ( 'NONE', #219, .T. ) ;
#1609 = LINE ( 'NONE', #961, #118 ) ;
#1610 = DIRECTION ( 'NONE',  ( -1.374038396813312538E-16, 0.000000000000000000, -1.000000000000000000 ) ) ;
#1611 = VERTEX_POINT ( 'NONE', #466 ) ;
#1612 = DIRECTION ( 'NONE',  ( 0.000000000000000000, 0.000000000000000000, 1.000000000000000000 ) ) ;
#1613 = LINE ( 'NONE', #1486, #1228 ) ;
#1614 = EDGE_LOOP ( 'NONE', ( #520, #1429, #141, #353, #1929, #2084, #306, #1346, #105, #1780 ) ) ;
#1615 = VECTOR ( 'NONE', #1381, 1000.000000000000000 ) ;
#1616 = DIRECTION ( 'NONE',  ( -0.000000000000000000, -0.000000000000000000, -1.000000000000000000 ) ) ;
#1617 = ORIENTED_EDGE ( 'NONE', *, *, #1437, .T. ) ;
#1618 = DIRECTION ( 'NONE',  ( 0.000000000000000000, 0.000000000000000000, -1.000000000000000000 ) ) ;
#1619 = VECTOR ( 'NONE', #1723, 1000.000000000000000 ) ;
#1620 = LINE ( 'NONE', #1980, #301 ) ;
#1621 = DIRECTION ( 'NONE',  ( 0.000000000000000000, 0.000000000000000000, -1.000000000000000000 ) ) ;
#1622 = VECTOR ( 'NONE', #1722, 1000.000000000000000 ) ;
#1623 = AXIS2_PLACEMENT_3D ( 'NONE', #1863, #1030, #159 ) ;
#1624 = ORIENTED_EDGE ( 'NONE', *, *, #1758, .F. ) ;
#1625 = EDGE_CURVE ( 'NONE', #1192, #1812, #262, .T. ) ;
#1626 = LINE ( 'NONE', #1828, #1204 ) ;
#1627 = AXIS2_PLACEMENT_3D ( 'NONE', #1567, #370, #2066 ) ;
#1628 = DIRECTION ( 'NONE',  ( 1.000000000000000000, -0.000000000000000000, 0.000000000000000000 ) ) ;
#1629 = ORIENTED_EDGE ( 'NONE', *, *, #239, .F. ) ;
#1630 = EDGE_CURVE ( 'NONE', #1970, #110, #603, .T. ) ;
#1631 = AXIS2_PLACEMENT_3D ( 'NONE', #1975, #1336, #1643 ) ;
#1632 = DIRECTION ( 'NONE',  ( 0.000000000000000000, -1.000000000000000000, 0.000000000000000000 ) ) ;
#1633 = ORIENTED_EDGE ( 'NONE', *, *, #1680, .T. ) ;
#1634 = CARTESIAN_POINT ( 'NONE',  ( 67.50000000000000000, 70.00000000000000000, -8.999999999999939604 ) ) ;
#1635 = CARTESIAN_POINT ( 'NONE',  ( 60.49999999999997158, 30.00000000000000000, -50.50000000000000000 ) ) ;
#1636 = CARTESIAN_POINT ( 'NONE',  ( 64.49999999999998579, 67.00000000000000000, -50.50000000000000000 ) ) ;
#1637 = VERTEX_POINT ( 'NONE', #1654 ) ;
#1638 = CARTESIAN_POINT ( 'NONE',  ( -60.50000000000000000, 30.00000000000000000, 50.50000000000000711 ) ) ;
#1639 = EDGE_CURVE ( 'NONE', #43, #1965, #278, .T. ) ;
#1640 = DIRECTION ( 'NONE',  ( -0.000000000000000000, -0.000000000000000000, 1.000000000000000000 ) ) ;
#1641 = ORIENTED_EDGE ( 'NONE', *, *, #71, .F. ) ;
#1642 = EDGE_CURVE ( 'NONE', #885, #443, #456, .T. ) ;
#1643 = DIRECTION ( 'NONE',  ( 0.000000000000000000, -0.000000000000000000, 1.000000000000000000 ) ) ;
#1644 = ORIENTED_EDGE ( 'NONE', *, *, #1713, .F. ) ;
#1645 = DIRECTION ( 'NONE',  ( 0.000000000000000000, 0.000000000000000000, 1.000000000000000000 ) ) ;
#1646 = CARTESIAN_POINT ( 'NONE',  ( -56.75582596964623150, 61.00000000000000000, -50.50000000000000000 ) ) ;
#1647 = CYLINDRICAL_SURFACE ( 'NONE', #1736, 2.000000000000001776 ) ;
#1648 = ORIENTED_EDGE ( 'NONE', *, *, #606, .F. ) ;
#1649 = EDGE_LOOP ( 'NONE', ( #334, #2063, #1730, #171 ) ) ;
#1650 = CARTESIAN_POINT ( 'NONE',  ( 67.50000000000000000, 65.00000000000000000, -8.999999999999939604 ) ) ;
#1651 = DIRECTION ( 'NONE',  ( 0.000000000000000000, 0.000000000000000000, -1.000000000000000000 ) ) ;
#1652 = ORIENTED_EDGE ( 'NONE', *, *, #15, .F. ) ;
#1653 = ADVANCED_FACE ( 'NONE', ( #1999 ), #1784, .F. ) ;
#1654 = CARTESIAN_POINT ( 'NONE',  ( -60.50000000000002132, 70.00000000000000000, -50.50000000000000000 ) ) ;
#1655 = ORIENTED_EDGE ( 'NONE', *, *, #352, .F. ) ;
#1656 = VECTOR ( 'NONE', #1628, 1000.000000000000000 ) ;
#1657 = VECTOR ( 'NONE', #1199, 1000.000000000000000 ) ;
#1658 = FACE_OUTER_BOUND ( 'NONE', #425, .T. ) ;
#1659 = CARTESIAN_POINT ( 'NONE',  ( 60.38768043472764191, 30.00000000000000000, 46.00000000000000711 ) ) ;
#1660 = ORIENTED_EDGE ( 'NONE', *, *, #2099, .F. ) ;
#1661 = DIRECTION ( 'NONE',  ( -1.374038396813312538E-16, 0.000000000000000000, -1.000000000000000000 ) ) ;
#1662 = LINE ( 'NONE', #1376, #1768 ) ;
#1663 = VECTOR ( 'NONE', #1069, 1000.000000000000000 ) ;
#1664 = AXIS2_PLACEMENT_3D ( 'NONE', #11, #1035, #1882 ) ;
#1665 = DIRECTION ( 'NONE',  ( 1.000000000000000000, 0.000000000000000000, -1.334402673828313339E-16 ) ) ;
#1666 = ORIENTED_EDGE ( 'NONE', *, *, #243, .F. ) ;
#1667 = AXIS2_PLACEMENT_3D ( 'NONE', #918, #362, #1771 ) ;
#1668 = LINE ( 'NONE', #636, #1454 ) ;
#1669 = VECTOR ( 'NONE', #1893, 1000.000000000000000 ) ;
#1670 = ORIENTED_EDGE ( 'NONE', *, *, #1875, .F. ) ;
#1671 = EDGE_CURVE ( 'NONE', #973, #1038, #129, .T. ) ;
#1672 = DIRECTION ( 'NONE',  ( 1.000000000000000000, 0.000000000000000000, 0.000000000000000000 ) ) ;
#1673 = DIRECTION ( 'NONE',  ( -1.000000000000000000, 0.000000000000000000, 0.000000000000000000 ) ) ;
#1674 = EDGE_CURVE ( 'NONE', #1256, #910, #1668, .T. ) ;
#1675 = EDGE_LOOP ( 'NONE', ( #272, #47, #1109 ) ) ;
#1676 = CARTESIAN_POINT ( 'NONE',  ( -40.99999999999999289, 55.00000000000000000, -35.09999999999999432 ) ) ;
#1677 = ORIENTED_EDGE ( 'NONE', *, *, #2136, .F. ) ;
#1678 = LINE ( 'NONE', #683, #1974 ) ;
#1679 = VERTEX_POINT ( 'NONE', #81 ) ;
#1680 = EDGE_CURVE ( 'NONE', #1530, #1812, #429, .T. ) ;
#1681 = CARTESIAN_POINT ( 'NONE',  ( -60.50000000000001421, 4.999999999999998224, 34.10000000000000853 ) ) ;
#1682 = CARTESIAN_POINT ( 'NONE',  ( 67.50000000000000000, 67.00000000000000000, -8.999999999999937828 ) ) ;
#1683 = EDGE_CURVE ( 'NONE', #626, #1449, #200, .T. ) ;
#1684 = ORIENTED_EDGE ( 'NONE', *, *, #1532, .F. ) ;
#1685 = CARTESIAN_POINT ( 'NONE',  ( -61.50000000000000000, 0.000000000000000000, -54.50000000000000000 ) ) ;
#1686 = CARTESIAN_POINT ( 'NONE',  ( -60.49999999999996447, 30.00000000000000000, -46.00000000000000711 ) ) ;
#1687 = EDGE_LOOP ( 'NONE', ( #1690, #2091, #1543, #635 ) ) ;
#1688 = DIRECTION ( 'NONE',  ( 7.228014483236698281E-17, -1.000000000000000000, 0.000000000000000000 ) ) ;
#1689 = CARTESIAN_POINT ( 'NONE',  ( 64.50000000000000000, 3.000000000000002665, 54.50000000000000000 ) ) ;
#1690 = ORIENTED_EDGE ( 'NONE', *, *, #721, .F. ) ;
#1691 = DIRECTION ( 'NONE',  ( 1.000000000000000000, 0.000000000000000000, 0.000000000000000000 ) ) ;
#1692 = CARTESIAN_POINT ( 'NONE',  ( 64.49999999999997158, 65.00000000000000000, 10.00000000000000178 ) ) ;
#1693 = AXIS2_PLACEMENT_3D ( 'NONE', #140, #1363, #1846 ) ;
#1694 = CARTESIAN_POINT ( 'NONE',  ( 60.50000000000000000, 34.31636524531450050, 26.20929227999030076 ) ) ;
#1695 = DIRECTION ( 'NONE',  ( 0.000000000000000000, 0.000000000000000000, -1.000000000000000000 ) ) ;
#1696 = EDGE_CURVE ( 'NONE', #1404, #2162, #774, .T. ) ;
#1697 = AXIS2_PLACEMENT_3D ( 'NONE', #1694, #1994, #124 ) ;
#1698 = ORIENTED_EDGE ( 'NONE', *, *, #366, .T. ) ;
#1699 = DIRECTION ( 'NONE',  ( -0.000000000000000000, -0.000000000000000000, 1.000000000000000000 ) ) ;
#1700 = DIRECTION ( 'NONE',  ( -1.000000000000000000, -0.000000000000000000, -0.000000000000000000 ) ) ;
#1701 = VERTEX_POINT ( 'NONE', #956 ) ;
#1702 = VECTOR ( 'NONE', #1688, 1000.000000000000000 ) ;
#1703 = VECTOR ( 'NONE', #1501, 1000.000000000000000 ) ;
#1704 = DIRECTION ( 'NONE',  ( -1.000000000000000000, 0.000000000000000000, 0.000000000000000000 ) ) ;
#1705 = EDGE_LOOP ( 'NONE', ( #1031, #1553, #1652 ) ) ;
#1706 = DIRECTION ( 'NONE',  ( 1.000000000000000000, 0.000000000000000000, 0.000000000000000000 ) ) ;
#1707 = CARTESIAN_POINT ( 'NONE',  ( -61.50000000000000000, 70.00000000000000000, -54.50000000000000000 ) ) ;
#1708 = EDGE_CURVE ( 'NONE', #1152, #712, #289, .T. ) ;
#1709 = ORIENTED_EDGE ( 'NONE', *, *, #2155, .T. ) ;
#1710 = LINE ( 'NONE', #1509, #1702 ) ;
#1711 = PLANE ( 'NONE',  #1123 ) ;
#1712 = ORIENTED_EDGE ( 'NONE', *, *, #341, .F. ) ;
#1713 = EDGE_CURVE ( 'NONE', #1290, #296, #1144, .T. ) ;
#1714 = DIRECTION ( 'NONE',  ( 0.000000000000000000, -1.000000000000000000, 0.000000000000000000 ) ) ;
#1715 = CARTESIAN_POINT ( 'NONE',  ( 0.000000000000000000, 31.50000000000000000, -57.50000000000000000 ) ) ;
#1716 = DIRECTION ( 'NONE',  ( -1.000000000000000000, 0.000000000000000000, 1.374038396813312538E-16 ) ) ;
#1717 = ORIENTED_EDGE ( 'NONE', *, *, #1806, .F. ) ;
#1718 = CARTESIAN_POINT ( 'NONE',  ( -61.50000000000000000, 3.000000000000000000, 0.000000000000000000 ) ) ;
#1719 = DIRECTION ( 'NONE',  ( 0.000000000000000000, 0.000000000000000000, 1.000000000000000000 ) ) ;
#1720 = ORIENTED_EDGE ( 'NONE', *, *, #779, .T. ) ;
#1721 = EDGE_CURVE ( 'NONE', #385, #545, #96, .T. ) ;
#1722 = DIRECTION ( 'NONE',  ( -1.000000000000000000, -0.000000000000000000, -0.000000000000000000 ) ) ;
#1723 = DIRECTION ( 'NONE',  ( 1.000000000000000000, 0.000000000000000000, 0.000000000000000000 ) ) ;
#1724 = CARTESIAN_POINT ( 'NONE',  ( -56.05224828740454512, 55.34797069270403114, 50.50000000000000000 ) ) ;
#1725 = VECTOR ( 'NONE', #1462, 1000.000000000000000 ) ;
#1726 = ORIENTED_EDGE ( 'NONE', *, *, #365, .T. ) ;
#1727 = LINE ( 'NONE', #1427, #734 ) ;
#1728 = AXIS2_PLACEMENT_3D ( 'NONE', #1814, #1124, #1599 ) ;
#1729 = FACE_OUTER_BOUND ( 'NONE', #2100, .T. ) ;
#1730 = ORIENTED_EDGE ( 'NONE', *, *, #893, .T. ) ;
#1731 = VECTOR ( 'NONE', #326, 1000.000000000000000 ) ;
#1732 = DIRECTION ( 'NONE',  ( 0.000000000000000000, 0.000000000000000000, 1.000000000000000000 ) ) ;
#1733 = AXIS2_PLACEMENT_3D ( 'NONE', #1539, #2190, #1173 ) ;
#1734 = ADVANCED_FACE ( 'NONE', ( #1498 ), #645, .F. ) ;
#1735 = PLANE ( 'NONE',  #407 ) ;
#1736 = AXIS2_PLACEMENT_3D ( 'NONE', #948, #424, #1482 ) ;
#1737 = VECTOR ( 'NONE', #1632, 1000.000000000000000 ) ;
#1738 = LINE ( 'NONE', #2046, #1090 ) ;
#1739 = CYLINDRICAL_SURFACE ( 'NONE', #1028, 3.000000000000002665 ) ;
#1740 = EDGE_CURVE ( 'NONE', #1783, #1017, #668, .T. ) ;
#1741 = VERTEX_POINT ( 'NONE', #942 ) ;
#1742 = PLANE ( 'NONE',  #1020 ) ;
#1743 = ORIENTED_EDGE ( 'NONE', *, *, #1413, .T. ) ;
#1744 = VERTEX_POINT ( 'NONE', #250 ) ;
#1745 = CARTESIAN_POINT ( 'NONE',  ( -64.50000000000000000, 0.000000000000000000, 0.000000000000000000 ) ) ;
#1746 = EDGE_CURVE ( 'NONE', #33, #922, #706, .T. ) ;
#1747 = CARTESIAN_POINT ( 'NONE',  ( -64.50000000000000000, 55.00000000000000000, 34.10000000000000853 ) ) ;
#1748 = CYLINDRICAL_SURFACE ( 'NONE', #2083, 3.000000000000002665 ) ;
#1749 = EDGE_CURVE ( 'NONE', #585, #1530, #1889, .T. ) ;
#1750 = ORIENTED_EDGE ( 'NONE', *, *, #1806, .T. ) ;
#1751 = CARTESIAN_POINT ( 'NONE',  ( 64.50000000000001421, 67.00000000000000000, 54.50000000000000000 ) ) ;
#1752 = ORIENTED_EDGE ( 'NONE', *, *, #1671, .T. ) ;
#1753 = ORIENTED_EDGE ( 'NONE', *, *, #1275, .F. ) ;
#1754 = CARTESIAN_POINT ( 'NONE',  ( -56.05224828740450249, 65.00000000000000000, 50.50000000000000000 ) ) ;
#1755 = FACE_OUTER_BOUND ( 'NONE', #249, .T. ) ;
#1756 = SPHERICAL_SURFACE ( 'NONE', #1880, 3.000000000000000000 ) ;
#1757 = ORIENTED_EDGE ( 'NONE', *, *, #779, .F. ) ;
#1758 = EDGE_CURVE ( 'NONE', #1487, #1011, #656, .T. ) ;
#1759 = ORIENTED_EDGE ( 'NONE', *, *, #1598, .T. ) ;
#1760 = EDGE_CURVE ( 'NONE', #1783, #1973, #400, .T. ) ;
#1761 = DIRECTION ( 'NONE',  ( 1.000000000000000000, 0.000000000000000000, 0.000000000000000000 ) ) ;
#1762 = ORIENTED_EDGE ( 'NONE', *, *, #687, .F. ) ;
#1763 = VECTOR ( 'NONE', #413, 1000.000000000000000 ) ;
#1764 = LINE ( 'NONE', #1754, #1447 ) ;
#1765 = AXIS2_PLACEMENT_3D ( 'NONE', #23, #1891, #1899 ) ;
#1766 = DIRECTION ( 'NONE',  ( 0.000000000000000000, 0.000000000000000000, -1.000000000000000000 ) ) ;
#1767 = DIRECTION ( 'NONE',  ( 5.738171702200635624E-17, 0.000000000000000000, 1.000000000000000000 ) ) ;
#1768 = VECTOR ( 'NONE', #173, 1000.000000000000000 ) ;
#1769 = AXIS2_PLACEMENT_3D ( 'NONE', #49, #1761, #1084 ) ;
#1770 = ORIENTED_EDGE ( 'NONE', *, *, #1111, .T. ) ;
#1771 = DIRECTION ( 'NONE',  ( 0.000000000000000000, 0.000000000000000000, -1.000000000000000000 ) ) ;
#1772 = ADVANCED_FACE ( 'NONE', ( #1370 ), #530, .F. ) ;
#1773 = FACE_OUTER_BOUND ( 'NONE', #903, .T. ) ;
#1774 = ORIENTED_EDGE ( 'NONE', *, *, #790, .T. ) ;
#1775 = DIRECTION ( 'NONE',  ( -1.000000000000000000, 0.000000000000000000, 0.000000000000000000 ) ) ;
#1776 = ORIENTED_EDGE ( 'NONE', *, *, #2181, .F. ) ;
#1777 = DIRECTION ( 'NONE',  ( 0.000000000000000000, 0.000000000000000000, -1.000000000000000000 ) ) ;
#1778 = CARTESIAN_POINT ( 'NONE',  ( 64.49999999999998579, 70.00000000000000000, -54.50000000000000000 ) ) ;
#1779 = CARTESIAN_POINT ( 'NONE',  ( -61.50000000000000000, 67.00000000000000000, 0.000000000000000000 ) ) ;
#1780 = ORIENTED_EDGE ( 'NONE', *, *, #176, .F. ) ;
#1781 = FACE_OUTER_BOUND ( 'NONE', #817, .T. ) ;
#1782 = DIRECTION ( 'NONE',  ( -0.000000000000000000, 1.000000000000000000, -0.000000000000000000 ) ) ;
#1783 = VERTEX_POINT ( 'NONE', #2207 ) ;
#1784 = PLANE ( 'NONE',  #960 ) ;
#1785 = EDGE_LOOP ( 'NONE', ( #664, #172, #1499, #1804 ) ) ;
#1786 = DIRECTION ( 'NONE',  ( 0.000000000000000000, 0.000000000000000000, -1.000000000000000000 ) ) ;
#1787 = ADVANCED_FACE ( 'NONE', ( #1033 ), #1711, .T. ) ;
#1788 = EDGE_CURVE ( 'NONE', #2093, #1011, #999, .T. ) ;
#1789 = DIRECTION ( 'NONE',  ( 1.000000000000000000, -0.000000000000000000, -1.334402673828313339E-16 ) ) ;
#1790 = CARTESIAN_POINT ( 'NONE',  ( 64.49999999999997158, 70.00000000000000000, -50.50000000000000000 ) ) ;
#1791 = ORIENTED_EDGE ( 'NONE', *, *, #1044, .F. ) ;
#1792 = CARTESIAN_POINT ( 'NONE',  ( -60.50000000000000000, 25.50000000000000000, 50.50000000000000711 ) ) ;
#1793 = PLANE ( 'NONE',  #801 ) ;
#1794 = ORIENTED_EDGE ( 'NONE', *, *, #963, .T. ) ;
#1795 = VECTOR ( 'NONE', #1176, 1000.000000000000000 ) ;
#1796 = LINE ( 'NONE', #1292, #1241 ) ;
#1797 = VERTEX_POINT ( 'NONE', #1010 ) ;
#1798 = FACE_BOUND ( 'NONE', #1171, .T. ) ;
#1799 = EDGE_CURVE ( 'NONE', #430, #164, #1678, .T. ) ;
#1800 = VECTOR ( 'NONE', #1284, 1000.000000000000000 ) ;
#1801 = CARTESIAN_POINT ( 'NONE',  ( 64.50000000000000000, 67.00000000000000000, -1.556725762789621534E-14 ) ) ;
#1802 = DIRECTION ( 'NONE',  ( 1.000000000000000000, 0.000000000000000000, 0.000000000000000000 ) ) ;
#1803 = CIRCLE ( 'NONE', #1982, 3.000000000000002665 ) ;
#1804 = ORIENTED_EDGE ( 'NONE', *, *, #1568, .F. ) ;
#1805 = DIRECTION ( 'NONE',  ( -1.000000000000000000, 0.000000000000000000, -0.000000000000000000 ) ) ;
#1806 = EDGE_CURVE ( 'NONE', #1832, #33, #1510, .T. ) ;
#1807 = CIRCLE ( 'NONE', #923, 2.000000000000001776 ) ;
#1808 = DIRECTION ( 'NONE',  ( -1.000000000000000000, -0.000000000000000000, -0.000000000000000000 ) ) ;
#1809 = ORIENTED_EDGE ( 'NONE', *, *, #1398, .T. ) ;
#1810 = VECTOR ( 'NONE', #2129, 1000.000000000000000 ) ;
#1811 = CARTESIAN_POINT ( 'NONE',  ( -60.49999999999996447, 30.00000000000000000, -46.00000000000000711 ) ) ;
#1812 = VERTEX_POINT ( 'NONE', #2182 ) ;
#1813 = DIRECTION ( 'NONE',  ( -1.000000000000000000, 0.000000000000000000, 0.000000000000000000 ) ) ;
#1814 = CARTESIAN_POINT ( 'NONE',  ( 64.49999999999998579, 67.00000000000000000, -54.50000000000000000 ) ) ;
#1815 = FACE_OUTER_BOUND ( 'NONE', #703, .T. ) ;
#1816 = VERTEX_POINT ( 'NONE', #1866 ) ;
#1817 = ORIENTED_EDGE ( 'NONE', *, *, #1930, .F. ) ;
#1818 = DIRECTION ( 'NONE',  ( 1.000000000000000000, 0.000000000000000000, -0.000000000000000000 ) ) ;
#1819 = EDGE_CURVE ( 'NONE', #652, #436, #1340, .T. ) ;
#1820 = FACE_OUTER_BOUND ( 'NONE', #1821, .T. ) ;
#1821 = EDGE_LOOP ( 'NONE', ( #2049, #497, #287, #1337 ) ) ;
#1822 = DIRECTION ( 'NONE',  ( 5.734623061080353420E-17, -0.000000000000000000, 1.000000000000000000 ) ) ;
#1823 = ORIENTED_EDGE ( 'NONE', *, *, #883, .T. ) ;
#1824 = DIRECTION ( 'NONE',  ( 0.000000000000000000, -0.000000000000000000, 1.000000000000000000 ) ) ;
#1825 = LINE ( 'NONE', #1659, #1134 ) ;
#1826 = VERTEX_POINT ( 'NONE', #1021 ) ;
#1827 = DIRECTION ( 'NONE',  ( -1.000000000000000000, 0.000000000000000000, -0.000000000000000000 ) ) ;
#1828 = CARTESIAN_POINT ( 'NONE',  ( 62.50000000000002842, 65.00000000000000000, 10.00000000000000178 ) ) ;
#1829 = CARTESIAN_POINT ( 'NONE',  ( -60.49999999999998579, 65.00000000000000000, 42.50000000000000000 ) ) ;
#1830 = EDGE_CURVE ( 'NONE', #2188, #1511, #297, .T. ) ;
#1831 = ORIENTED_EDGE ( 'NONE', *, *, #447, .F. ) ;
#1832 = VERTEX_POINT ( 'NONE', #8 ) ;
#1833 = EDGE_CURVE ( 'NONE', #1085, #652, #513, .T. ) ;
#1834 = VECTOR ( 'NONE', #1407, 1000.000000000000000 ) ;
#1835 = LINE ( 'NONE', #480, #952 ) ;
#1836 = CARTESIAN_POINT ( 'NONE',  ( 64.49999999999997158, 65.00000000000000000, -50.50000000000000000 ) ) ;
#1837 = VECTOR ( 'NONE', #1077, 1000.000000000000000 ) ;
#1838 = ORIENTED_EDGE ( 'NONE', *, *, #1749, .F. ) ;
#1839 = CARTESIAN_POINT ( 'NONE',  ( -61.50000000000000000, 3.000000000000002665, 54.50000000000000000 ) ) ;
#1840 = DIRECTION ( 'NONE',  ( 1.000000000000000000, 0.000000000000000000, 0.000000000000000000 ) ) ;
#1841 = AXIS2_PLACEMENT_3D ( 'NONE', #1146, #647, #2001 ) ;
#1842 = CIRCLE ( 'NONE', #2157, 3.000000000000002665 ) ;
#1843 = EDGE_LOOP ( 'NONE', ( #183, #1104, #1314, #206 ) ) ;
#1844 = VECTOR ( 'NONE', #1147, 1000.000000000000000 ) ;
#1845 = EDGE_CURVE ( 'NONE', #1611, #164, #1164, .T. ) ;
#1846 = DIRECTION ( 'NONE',  ( 0.000000000000000000, 0.000000000000000000, 1.000000000000000000 ) ) ;
#1847 = AXIS2_PLACEMENT_3D ( 'NONE', #630, #2107, #1285 ) ;
#1848 = ORIENTED_EDGE ( 'NONE', *, *, #1571, .T. ) ;
#1849 = CYLINDRICAL_SURFACE ( 'NONE', #1091, 3.000000000000002665 ) ;
#1850 = LINE ( 'NONE', #2186, #1061 ) ;
#1851 = ORIENTED_EDGE ( 'NONE', *, *, #963, .F. ) ;
#1852 = CYLINDRICAL_SURFACE ( 'NONE', #1906, 2.000000000000001776 ) ;
#1853 = FACE_OUTER_BOUND ( 'NONE', #128, .T. ) ;
#1854 = ORIENTED_EDGE ( 'NONE', *, *, #288, .T. ) ;
#1855 = CARTESIAN_POINT ( 'NONE',  ( 60.38768043472763480, 30.00000000000000000, 50.50000000000000000 ) ) ;
#1856 = LINE ( 'NONE', #491, #1657 ) ;
#1857 = ORIENTED_EDGE ( 'NONE', *, *, #1465, .F. ) ;
#1858 = EDGE_CURVE ( 'NONE', #364, #231, #1856, .T. ) ;
#1859 = CARTESIAN_POINT ( 'NONE',  ( 67.49999999999998579, 67.00000000000000000, -54.50000000000000000 ) ) ;
#1860 = DIRECTION ( 'NONE',  ( 0.000000000000000000, 0.000000000000000000, -1.000000000000000000 ) ) ;
#1861 = EDGE_CURVE ( 'NONE', #531, #419, #323, .T. ) ;
#1862 = DIRECTION ( 'NONE',  ( -0.000000000000000000, -0.000000000000000000, -1.000000000000000000 ) ) ;
#1863 = CARTESIAN_POINT ( 'NONE',  ( -67.50000000000000000, 70.00000000000000000, 57.50000000000000000 ) ) ;
#1864 = ORIENTED_EDGE ( 'NONE', *, *, #793, .T. ) ;
#1865 = DIRECTION ( 'NONE',  ( 1.000000000000000000, 0.000000000000000000, 0.000000000000000000 ) ) ;
#1866 = CARTESIAN_POINT ( 'NONE',  ( 64.49999999999997158, 65.00000000000000000, -8.999999999999937828 ) ) ;
#1867 = EDGE_LOOP ( 'NONE', ( #2156, #1222, #1677, #1989 ) ) ;
#1868 = LINE ( 'NONE', #971, #1202 ) ;
#1869 = ADVANCED_FACE ( 'NONE', ( #347 ), #866, .T. ) ;
#1870 = VECTOR ( 'NONE', #1334, 1000.000000000000000 ) ;
#1871 = ORIENTED_EDGE ( 'NONE', *, *, #1122, .F. ) ;
#1872 = CARTESIAN_POINT ( 'NONE',  ( 64.49999999999998579, 67.00000000000000000, -54.50000000000000000 ) ) ;
#1873 = CIRCLE ( 'NONE', #1697, 4.999999999999997335 ) ;
#1874 = ORIENTED_EDGE ( 'NONE', *, *, #1642, .F. ) ;
#1875 = EDGE_CURVE ( 'NONE', #296, #1744, #694, .T. ) ;
#1876 = DIRECTION ( 'NONE',  ( -0.000000000000000000, -1.000000000000000000, -0.000000000000000000 ) ) ;
#1877 = VECTOR ( 'NONE', #1714, 1000.000000000000000 ) ;
#1878 = DIRECTION ( 'NONE',  ( 0.000000000000000000, 0.000000000000000000, -1.000000000000000000 ) ) ;
#1879 = ORIENTED_EDGE ( 'NONE', *, *, #1386, .T. ) ;
#1880 = AXIS2_PLACEMENT_3D ( 'NONE', #1078, #222, #551 ) ;
#1881 = CIRCLE ( 'NONE', #737, 3.000000000000002665 ) ;
#1882 = DIRECTION ( 'NONE',  ( 1.000000000000000000, 0.000000000000000000, 0.000000000000000000 ) ) ;
#1883 = ORIENTED_EDGE ( 'NONE', *, *, #1068, .T. ) ;
#1884 = CARTESIAN_POINT ( 'NONE',  ( -60.49999999999997158, 25.41568567064863515, -50.50000000000000000 ) ) ;
#1885 = LINE ( 'NONE', #330, #446 ) ;
#1886 = EDGE_LOOP ( 'NONE', ( #1527, #1757, #79, #827 ) ) ;
#1887 = CARTESIAN_POINT ( 'NONE',  ( -40.99999999999999289, 52.87177978870817441, 39.89999999999999858 ) ) ;
#1888 = EDGE_CURVE ( 'NONE', #848, #736, #567, .T. ) ;
#1889 = LINE ( 'NONE', #355, #1087 ) ;
#1890 = ORIENTED_EDGE ( 'NONE', *, *, #1760, .F. ) ;
#1891 = DIRECTION ( 'NONE',  ( 1.000000000000000000, 0.000000000000000000, -1.374038396813312538E-16 ) ) ;
#1892 = CARTESIAN_POINT ( 'NONE',  ( -60.50000000000001421, 5.000000000000000000, 8.312932300720542740E-15 ) ) ;
#1893 = DIRECTION ( 'NONE',  ( 0.000000000000000000, -0.000000000000000000, -1.000000000000000000 ) ) ;
#1894 = ORIENTED_EDGE ( 'NONE', *, *, #854, .T. ) ;
#1895 = CARTESIAN_POINT ( 'NONE',  ( -56.75582596964623150, 61.00000000000000000, -42.50000000000000000 ) ) ;
#1896 = ADVANCED_FACE ( 'NONE', ( #1428 ), #1253, .F. ) ;
#1897 = CARTESIAN_POINT ( 'NONE',  ( -61.50000000000000000, 70.00000000000000000, -54.50000000000000000 ) ) ;
#1898 = ORIENTED_EDGE ( 'NONE', *, *, #314, .F. ) ;
#1899 = DIRECTION ( 'NONE',  ( 0.000000000000000000, 0.000000000000000000, -1.000000000000000000 ) ) ;
#1900 = EDGE_CURVE ( 'NONE', #2094, #799, #581, .T. ) ;
#1901 = PLANE ( 'NONE',  #156 ) ;
#1902 = DIRECTION ( 'NONE',  ( 1.374038396813312538E-16, 0.000000000000000000, 1.000000000000000000 ) ) ;
#1903 = AXIS2_PLACEMENT_3D ( 'NONE', #1751, #746, #376 ) ;
#1904 = VERTEX_POINT ( 'NONE', #724 ) ;
#1905 = CARTESIAN_POINT ( 'NONE',  ( 67.50000000000000000, 67.00000000000000000, 10.00000000000000000 ) ) ;
#1906 = AXIS2_PLACEMENT_3D ( 'NONE', #507, #996, #471 ) ;
#1907 = DIRECTION ( 'NONE',  ( 0.000000000000000000, 3.469446951953611033E-15, -1.000000000000000000 ) ) ;
#1908 = ORIENTED_EDGE ( 'NONE', *, *, #166, .F. ) ;
#1909 = ADVANCED_FACE ( 'NONE', ( #405, #2102 ), #2092, .T. ) ;
#1910 = AXIS2_PLACEMENT_3D ( 'NONE', #1369, #445, #1519 ) ;
#1911 = VECTOR ( 'NONE', #1105, 1000.000000000000000 ) ;
#1912 = LINE ( 'NONE', #202, #701 ) ;
#1913 = ADVANCED_FACE ( 'NONE', ( #1773 ), #1049, .T. ) ;
#1914 = AXIS2_PLACEMENT_3D ( 'NONE', #937, #1767, #2120 ) ;
#1915 = VECTOR ( 'NONE', #2009, 1000.000000000000000 ) ;
#1916 = CARTESIAN_POINT ( 'NONE',  ( -60.50000000000000000, 65.00000000000000000, -50.50000000000000000 ) ) ;
#1917 = DIRECTION ( 'NONE',  ( 0.000000000000000000, 1.000000000000000000, 0.000000000000000000 ) ) ;
#1918 = ORIENTED_EDGE ( 'NONE', *, *, #1819, .F. ) ;
#1919 = CARTESIAN_POINT ( 'NONE',  ( 67.50000000000001421, 67.00000000000000000, 54.50000000000000000 ) ) ;
#1920 = DIRECTION ( 'NONE',  ( -1.000000000000000000, 0.000000000000000000, 2.413528314402514090E-16 ) ) ;
#1921 = VERTEX_POINT ( 'NONE', #393 ) ;
#1922 = ORIENTED_EDGE ( 'NONE', *, *, #782, .F. ) ;
#1923 = LINE ( 'NONE', #944, #916 ) ;
#1924 = PRODUCT ( 'case', 'case', '', ( #816 ) ) ;
#1925 = EDGE_CURVE ( 'NONE', #712, #983, #556, .T. ) ;
#1926 = LINE ( 'NONE', #1884, #1619 ) ;
#1927 = DIRECTION ( 'NONE',  ( 0.000000000000000000, 0.000000000000000000, -1.000000000000000000 ) ) ;
#1928 = EDGE_CURVE ( 'NONE', #987, #419, #1392, .T. ) ;
#1929 = ORIENTED_EDGE ( 'NONE', *, *, #877, .F. ) ;
#1930 = EDGE_CURVE ( 'NONE', #987, #2039, #1221, .T. ) ;
#1931 = CARTESIAN_POINT ( 'NONE',  ( -60.50000000000002132, 70.00000000000000000, -50.50000000000000000 ) ) ;
#1932 = ORIENTED_EDGE ( 'NONE', *, *, #119, .T. ) ;
#1933 = DIRECTION ( 'NONE',  ( 0.000000000000000000, 0.000000000000000000, -1.000000000000000000 ) ) ;
#1934 = ORIENTED_EDGE ( 'NONE', *, *, #2035, .F. ) ;
#1935 = DIRECTION ( 'NONE',  ( -0.000000000000000000, 1.000000000000000000, 0.000000000000000000 ) ) ;
#1936 = DIRECTION ( 'NONE',  ( 1.374038396813312538E-16, 0.000000000000000000, 1.000000000000000000 ) ) ;
#1937 = LINE ( 'NONE', #41, #705 ) ;
#1938 = EDGE_CURVE ( 'NONE', #1904, #922, #1242, .T. ) ;
#1939 = ORIENTED_EDGE ( 'NONE', *, *, #1007, .T. ) ;
#1940 = DIRECTION ( 'NONE',  ( -4.313431103236776917E-15, -1.000000000000000000, 0.000000000000000000 ) ) ;
#1941 = ORIENTED_EDGE ( 'NONE', *, *, #877, .T. ) ;
#1942 = EDGE_LOOP ( 'NONE', ( #1326, #554 ) ) ;
#1943 = CIRCLE ( 'NONE', #2187, 3.000000000000002665 ) ;
#1944 = CARTESIAN_POINT ( 'NONE',  ( 64.49999999999997158, 65.00000000000000000, -50.50000000000000000 ) ) ;
#1945 = VECTOR ( 'NONE', #220, 1000.000000000000000 ) ;
#1946 = DIRECTION ( 'NONE',  ( -0.000000000000000000, -1.000000000000000000, -0.000000000000000000 ) ) ;
#1947 = CARTESIAN_POINT ( 'NONE',  ( -64.50000000000000000, 67.00000000000000000, -54.50000000000000000 ) ) ;
#1948 = CIRCLE ( 'NONE', #196, 3.000000000000002665 ) ;
#1949 = EDGE_LOOP ( 'NONE', ( #1107, #2134, #1189 ) ) ;
#1950 = DIRECTION ( 'NONE',  ( 0.000000000000000000, 1.000000000000000000, 0.000000000000000000 ) ) ;
#1951 = FACE_OUTER_BOUND ( 'NONE', #568, .T. ) ;
#1952 = PRODUCT_RELATED_PRODUCT_CATEGORY ( 'part', '', ( #1924 ) ) ;
#1953 = ORIENTED_EDGE ( 'NONE', *, *, #2095, .T. ) ;
#1954 = CYLINDRICAL_SURFACE ( 'NONE', #560, 3.000000000000002665 ) ;
#1955 = ORIENTED_EDGE ( 'NONE', *, *, #417, .T. ) ;
#1956 = DIRECTION ( 'NONE',  ( 0.000000000000000000, -1.000000000000000000, 0.000000000000000000 ) ) ;
#1957 = CARTESIAN_POINT ( 'NONE',  ( -61.50000000000000000, 0.000000000000000000, 54.50000000000000000 ) ) ;
#1958 = LINE ( 'NONE', #1947, #450 ) ;
#1959 = ORIENTED_EDGE ( 'NONE', *, *, #790, .F. ) ;
#1960 = CARTESIAN_POINT ( 'NONE',  ( -60.49999999999996447, 30.00000000000000000, -50.50000000000000000 ) ) ;
#1961 = CARTESIAN_POINT ( 'NONE',  ( -56.75582596964623150, 65.00000000000000000, -42.50000000000000000 ) ) ;
#1962 = ORIENTED_EDGE ( 'NONE', *, *, #15, .T. ) ;
#1963 = ADVANCED_FACE ( 'NONE', ( #735 ), #2062, .F. ) ;
#1964 = DIRECTION ( 'NONE',  ( -0.000000000000000000, -0.000000000000000000, -1.000000000000000000 ) ) ;
#1965 = VERTEX_POINT ( 'NONE', #1419 ) ;
#1966 = CARTESIAN_POINT ( 'NONE',  ( -64.50000000000000000, 52.00000000000000000, -40.10000000000000142 ) ) ;
#1967 = EDGE_CURVE ( 'NONE', #1741, #1497, #538, .T. ) ;
#1968 = LINE ( 'NONE', #582, #441 ) ;
#1969 = DIRECTION ( 'NONE',  ( -0.000000000000000000, -1.000000000000000000, -0.000000000000000000 ) ) ;
#1970 = VERTEX_POINT ( 'NONE', #2079 ) ;
#1971 = PLANE ( 'NONE',  #1983 ) ;
#1972 = DIRECTION ( 'NONE',  ( 0.000000000000000000, -1.000000000000000000, 0.000000000000000000 ) ) ;
#1973 = VERTEX_POINT ( 'NONE', #921 ) ;
#1974 = VECTOR ( 'NONE', #1188, 1000.000000000000000 ) ;
#1975 = CARTESIAN_POINT ( 'NONE',  ( -60.49999999999997158, 25.41568567064863515, -46.00000000000000711 ) ) ;
#1976 = ORIENTED_EDGE ( 'NONE', *, *, #1246, .T. ) ;
#1977 = EDGE_CURVE ( 'NONE', #834, #1051, #1227, .T. ) ;
#1978 = FACE_OUTER_BOUND ( 'NONE', #1456, .T. ) ;
#1979 = AXIS2_PLACEMENT_3D ( 'NONE', #1957, #423, #947 ) ;
#1980 = CARTESIAN_POINT ( 'NONE',  ( 64.49999999999997158, 70.00000000000000000, -50.50000000000000000 ) ) ;
#1981 = PLANE ( 'NONE',  #309 ) ;
#1982 = AXIS2_PLACEMENT_3D ( 'NONE', #1187, #1197, #1813 ) ;
#1983 = AXIS2_PLACEMENT_3D ( 'NONE', #1298, #437, #102 ) ;
#1984 = ORIENTED_EDGE ( 'NONE', *, *, #1212, .F. ) ;
#1985 = DIRECTION ( 'NONE',  ( 0.000000000000000000, 0.000000000000000000, 1.000000000000000000 ) ) ;
#1986 = CARTESIAN_POINT ( 'NONE',  ( 6.500000000000002665, 4.698209414103855177E-16, -57.50000000000000000 ) ) ;
#1987 = ORIENTED_EDGE ( 'NONE', *, *, #945, .F. ) ;
#1988 = DIRECTION ( 'NONE',  ( 1.000000000000000000, -0.000000000000000000, -1.334402673828313339E-16 ) ) ;
#1989 = ORIENTED_EDGE ( 'NONE', *, *, #905, .F. ) ;
#1990 = CYLINDRICAL_SURFACE ( 'NONE', #340, 3.000000000000002665 ) ;
#1991 = CARTESIAN_POINT ( 'NONE',  ( -64.50000000000000000, 52.00000000000000000, 38.10000000000001563 ) ) ;
#1992 = ADVANCED_FACE ( 'NONE', ( #1729 ), #1593, .T. ) ;
#1993 = ORIENTED_EDGE ( 'NONE', *, *, #1246, .F. ) ;
#1994 = DIRECTION ( 'NONE',  ( -1.000000000000000000, 0.000000000000000000, 1.374038396813312538E-16 ) ) ;
#1995 = DIRECTION ( 'NONE',  ( 0.000000000000000000, 0.000000000000000000, -1.000000000000000000 ) ) ;
#1996 = CYLINDRICAL_SURFACE ( 'NONE', #2044, 2.000000000000001776 ) ;
#1997 = ORIENTED_EDGE ( 'NONE', *, *, #1858, .T. ) ;
#1998 = EDGE_CURVE ( 'NONE', #1256, #910, #946, .T. ) ;
#1999 = FACE_OUTER_BOUND ( 'NONE', #602, .T. ) ;
#2000 = EDGE_LOOP ( 'NONE', ( #872, #1126, #1666, #1879 ) ) ;
#2001 = DIRECTION ( 'NONE',  ( 0.000000000000000000, 0.000000000000000000, 1.000000000000000000 ) ) ;
#2002 = DIRECTION ( 'NONE',  ( 0.000000000000000000, -1.000000000000000000, 0.000000000000000000 ) ) ;
#2003 = ORIENTED_EDGE ( 'NONE', *, *, #325, .T. ) ;
#2004 = ORIENTED_EDGE ( 'NONE', *, *, #1333, .T. ) ;
#2005 = CARTESIAN_POINT ( 'NONE',  ( -64.50000000000000000, 51.12822021129181849, 39.89999999999999858 ) ) ;
#2006 = ADVANCED_FACE ( 'NONE', ( #2069, #1064 ), #1742, .F. ) ;
#2007 = DIRECTION ( 'NONE',  ( 1.000000000000000000, 0.000000000000000000, -0.000000000000000000 ) ) ;
#2008 = EDGE_LOOP ( 'NONE', ( #1460, #1264, #117, #395 ) ) ;
#2009 = DIRECTION ( 'NONE',  ( 1.000000000000000000, 0.000000000000000000, 0.000000000000000000 ) ) ;
#2010 = ORIENTED_EDGE ( 'NONE', *, *, #453, .F. ) ;
#2011 = CARTESIAN_POINT ( 'NONE',  ( 60.49999999999997158, 25.41568567064863515, -50.50000000000000000 ) ) ;
#2012 = DIRECTION ( 'NONE',  ( 1.000000000000000000, 0.000000000000000000, 0.000000000000000000 ) ) ;
#2013 = VECTOR ( 'NONE', #1424, 1000.000000000000000 ) ;
#2014 = APPLICATION_CONTEXT ( 'automotive_design' ) ;
#2015 = DIRECTION ( 'NONE',  ( 0.000000000000000000, -1.000000000000000000, 0.000000000000000000 ) ) ;
#2016 = VECTOR ( 'NONE', #865, 1000.000000000000000 ) ;
#2017 = ORIENTED_EDGE ( 'NONE', *, *, #1721, .T. ) ;
#2018 = CARTESIAN_POINT ( 'NONE',  ( -60.50000000000000711, 61.00000000000000000, -42.50000000000000000 ) ) ;
#2019 = AXIS2_PLACEMENT_3D ( 'NONE', #1636, #1125, #1802 ) ;
#2020 = CARTESIAN_POINT ( 'NONE',  ( 0.000000000000000000, 31.50000000000000000, -50.50000000000000000 ) ) ;
#2021 = VECTOR ( 'NONE', #1616, 1000.000000000000000 ) ;
#2022 = ORIENTED_EDGE ( 'NONE', *, *, #1413, .F. ) ;
#2023 = DIRECTION ( 'NONE',  ( 0.000000000000000000, 1.000000000000000000, 0.000000000000000000 ) ) ;
#2024 = DIRECTION ( 'NONE',  ( -0.000000000000000000, 0.000000000000000000, -1.000000000000000000 ) ) ;
#2025 = ORIENTED_EDGE ( 'NONE', *, *, #1423, .F. ) ;
#2026 = ORIENTED_EDGE ( 'NONE', *, *, #2192, .F. ) ;
#2027 = SURFACE_STYLE_USAGE ( .BOTH. , #508 ) ;
#2028 = ORIENTED_EDGE ( 'NONE', *, *, #2061, .F. ) ;
#2029 = CARTESIAN_POINT ( 'NONE',  ( -60.50000000000000711, 61.00000000000000000, -50.50000000000000000 ) ) ;
#2030 = DIRECTION ( 'NONE',  ( 1.000000000000000000, -0.000000000000000000, 0.000000000000000000 ) ) ;
#2031 = ORIENTED_EDGE ( 'NONE', *, *, #854, .F. ) ;
#2032 = EDGE_CURVE ( 'NONE', #885, #624, #780, .T. ) ;
#2033 = DIRECTION ( 'NONE',  ( -2.413528314402514090E-16, 0.000000000000000000, -1.000000000000000000 ) ) ;
#2034 = PLANE ( 'NONE',  #665 ) ;
#2035 = EDGE_CURVE ( 'NONE', #1832, #1904, #802, .T. ) ;
#2036 = ORIENTED_EDGE ( 'NONE', *, *, #2067, .F. ) ;
#2037 = DIRECTION ( 'NONE',  ( -1.000000000000000000, 0.000000000000000000, 0.000000000000000000 ) ) ;
#2038 = CARTESIAN_POINT ( 'NONE',  ( -64.50000000000000000, 52.00000000000000000, -38.10000000000000142 ) ) ;
#2039 = VERTEX_POINT ( 'NONE', #295 ) ;
#2040 = DIRECTION ( 'NONE',  ( 0.000000000000000000, -1.000000000000000000, 0.000000000000000000 ) ) ;
#2041 = DIRECTION ( 'NONE',  ( 1.000000000000000000, 0.000000000000000000, 0.000000000000000000 ) ) ;
#2042 = VERTEX_POINT ( 'NONE', #427 ) ;
#2043 = CARTESIAN_POINT ( 'NONE',  ( -60.50000000000000711, 55.00000000000000000, 34.10000000000000853 ) ) ;
#2044 = AXIS2_PLACEMENT_3D ( 'NONE', #611, #1808, #2112 ) ;
#2045 = ORIENTED_EDGE ( 'NONE', *, *, #2082, .F. ) ;
#2046 = CARTESIAN_POINT ( 'NONE',  ( -40.99999999999999289, 55.00000000000000000, 34.10000000000000853 ) ) ;
#2047 =( LENGTH_UNIT ( ) NAMED_UNIT ( * ) SI_UNIT ( .MILLI., .METRE. ) );
#2048 = VECTOR ( 'NONE', #2176, 1000.000000000000000 ) ;
#2049 = ORIENTED_EDGE ( 'NONE', *, *, #1275, .T. ) ;
#2050 = LINE ( 'NONE', #1136, #523 ) ;
#2051 = CARTESIAN_POINT ( 'NONE',  ( 60.50000000000000000, 5.000000000000000000, -8.312932300720541162E-15 ) ) ;
#2052 = ORIENTED_EDGE ( 'NONE', *, *, #640, .F. ) ;
#2053 = CIRCLE ( 'NONE', #1416, 3.000000000000002665 ) ;
#2054 = CIRCLE ( 'NONE', #1098, 3.000000000000002665 ) ;
#2055 = SPHERICAL_SURFACE ( 'NONE', #1664, 3.000000000000000000 ) ;
#2056 = DIRECTION ( 'NONE',  ( 7.228014483236699514E-17, -1.000000000000000000, 0.000000000000000000 ) ) ;
#2057 = CARTESIAN_POINT ( 'NONE',  ( -60.50000000000000711, 52.87177978870817441, 39.90000000000000568 ) ) ;
#2058 = EDGE_CURVE ( 'NONE', #624, #958, #1325, .T. ) ;
#2059 = ORIENTED_EDGE ( 'NONE', *, *, #1479, .F. ) ;
#2060 = DIRECTION ( 'NONE',  ( 0.000000000000000000, 0.000000000000000000, 1.000000000000000000 ) ) ;
#2061 = EDGE_CURVE ( 'NONE', #1214, #1290, #985, .T. ) ;
#2062 = PLANE ( 'NONE',  #655 ) ;
#2063 = ORIENTED_EDGE ( 'NONE', *, *, #1721, .F. ) ;
#2064 = CARTESIAN_POINT ( 'NONE',  ( -40.99999999999999289, 52.00000000000000000, -38.10000000000000142 ) ) ;
#2065 = DIRECTION ( 'NONE',  ( -3.083952846180990281E-16, 0.000000000000000000, -1.000000000000000000 ) ) ;
#2066 = DIRECTION ( 'NONE',  ( 1.000000000000000000, 0.000000000000000000, -5.782411586589351722E-16 ) ) ;
#2067 = EDGE_CURVE ( 'NONE', #1017, #1449, #589, .T. ) ;
#2068 = ORIENTED_EDGE ( 'NONE', *, *, #644, .F. ) ;
#2069 = FACE_OUTER_BOUND ( 'NONE', #1585, .T. ) ;
#2070 = ORIENTED_EDGE ( 'NONE', *, *, #1479, .T. ) ;
#2071 = FACE_OUTER_BOUND ( 'NONE', #1537, .T. ) ;
#2072 = DIRECTION ( 'NONE',  ( 0.000000000000000000, 0.000000000000000000, 1.000000000000000000 ) ) ;
#2073 = CARTESIAN_POINT ( 'NONE',  ( 60.49999999999999289, 70.00000000000000000, -50.50000000000000000 ) ) ;
#2074 = FACE_BOUND ( 'NONE', #2168, .T. ) ;
#2075 = VECTOR ( 'NONE', #386, 1000.000000000000000 ) ;
#2076 = ORIENTED_EDGE ( 'NONE', *, *, #698, .F. ) ;
#2077 = DIRECTION ( 'NONE',  ( 0.000000000000000000, -0.000000000000000000, 1.000000000000000000 ) ) ;
#2078 = AXIS2_PLACEMENT_3D ( 'NONE', #40, #1388, #699 ) ;
#2079 = CARTESIAN_POINT ( 'NONE',  ( -60.50000000000000000, 8.871779788708177961, 39.89999999999999858 ) ) ;
#2080 = ORIENTED_EDGE ( 'NONE', *, *, #1003, .F. ) ;
#2081 = AXIS2_PLACEMENT_3D ( 'NONE', #2064, #1575, #2072 ) ;
#2082 = EDGE_CURVE ( 'NONE', #279, #646, #1613, .T. ) ;
#2083 = AXIS2_PLACEMENT_3D ( 'NONE', #1225, #26, #1927 ) ;
#2084 = ORIENTED_EDGE ( 'NONE', *, *, #2082, .T. ) ;
#2085 = ADVANCED_FACE ( 'NONE', ( #2126 ), #1996, .F. ) ;
#2086 = CARTESIAN_POINT ( 'NONE',  ( 6.500000000000000000, 31.50000000000000000, -57.50000000000000000 ) ) ;
#2087 = AXIS2_PLACEMENT_3D ( 'NONE', #255, #435, #1621 ) ;
#2088 = VECTOR ( 'NONE', #1964, 1000.000000000000000 ) ;
#2089 = DIRECTION ( 'NONE',  ( -1.000000000000000000, -0.000000000000000000, -0.000000000000000000 ) ) ;
#2090 = CARTESIAN_POINT ( 'NONE',  ( 60.38768043472764191, 30.00000000000000000, 46.00000000000000711 ) ) ;
#2091 = ORIENTED_EDGE ( 'NONE', *, *, #1502, .F. ) ;
#2092 = PLANE ( 'NONE',  #1198 ) ;
#2093 = VERTEX_POINT ( 'NONE', #78 ) ;
#2094 = VERTEX_POINT ( 'NONE', #439 ) ;
#2095 = EDGE_CURVE ( 'NONE', #321, #1965, #515, .T. ) ;
#2096 = LINE ( 'NONE', #1076, #305 ) ;
#2097 = LINE ( 'NONE', #1112, #731 ) ;
#2098 = DIRECTION ( 'NONE',  ( -1.000000000000000000, 0.000000000000000000, -0.000000000000000000 ) ) ;
#2099 = EDGE_CURVE ( 'NONE', #1410, #1017, #2137, .T. ) ;
#2100 = EDGE_LOOP ( 'NONE', ( #2113, #1939, #1240, #2059, #888, #2045, #1698, #440 ) ) ;
#2101 = CARTESIAN_POINT ( 'NONE',  ( 39.50000000000000000, 0.000000000000000000, -57.50000000000000000 ) ) ;
#2102 = FACE_OUTER_BOUND ( 'NONE', #1614, .T. ) ;
#2103 = ORIENTED_EDGE ( 'NONE', *, *, #1845, .T. ) ;
#2104 = ORIENTED_EDGE ( 'NONE', *, *, #119, .F. ) ;
#2105 = CARTESIAN_POINT ( 'NONE',  ( -64.50000000000000000, 52.00000000000000000, -38.10000000000000142 ) ) ;
#2106 = LINE ( 'NONE', #1778, #1411 ) ;
#2107 = DIRECTION ( 'NONE',  ( 1.000000000000000000, -0.000000000000000000, 0.000000000000000000 ) ) ;
#2108 = EDGE_CURVE ( 'NONE', #224, #246, #1130, .T. ) ;
#2109 = ORIENTED_EDGE ( 'NONE', *, *, #836, .T. ) ;
#2110 = CARTESIAN_POINT ( 'NONE',  ( -60.50000000000002132, 30.00000000000000000, -50.50000000000000000 ) ) ;
#2111 = VECTOR ( 'NONE', #363, 1000.000000000000000 ) ;
#2112 = DIRECTION ( 'NONE',  ( 0.000000000000000000, 0.000000000000000000, 1.000000000000000000 ) ) ;
#2113 = ORIENTED_EDGE ( 'NONE', *, *, #1432, .F. ) ;
#2114 = AXIS2_PLACEMENT_3D ( 'NONE', #913, #901, #2056 ) ;
#2115 = CARTESIAN_POINT ( 'NONE',  ( -60.49999999999996447, 30.00000000000000000, -46.00000000000000711 ) ) ;
#2116 = ORIENTED_EDGE ( 'NONE', *, *, #1406, .T. ) ;
#2117 = VECTOR ( 'NONE', #2185, 1000.000000000000000 ) ;
#2118 = VECTOR ( 'NONE', #1211, 1000.000000000000000 ) ;
#2119 = DIRECTION ( 'NONE',  ( -2.413528314402514090E-16, 0.000000000000000000, -1.000000000000000000 ) ) ;
#2120 = DIRECTION ( 'NONE',  ( 1.000000000000000000, 0.000000000000000000, -5.738171702200635624E-17 ) ) ;
#2121 = AXIS2_PLACEMENT_3D ( 'NONE', #1991, #1013, #1494 ) ;
#2122 = VECTOR ( 'NONE', #1118, 1000.000000000000000 ) ;
#2123 = EDGE_LOOP ( 'NONE', ( #798, #1984, #998, #1759 ) ) ;
#2124 = LINE ( 'NONE', #599, #882 ) ;
#2125 = EDGE_CURVE ( 'NONE', #561, #430, #755, .T. ) ;
#2126 = FACE_OUTER_BOUND ( 'NONE', #1073, .T. ) ;
#2127 = VERTEX_POINT ( 'NONE', #1289 ) ;
#2128 = ADVANCED_FACE ( 'NONE', ( #1951 ), #966, .T. ) ;
#2129 = DIRECTION ( 'NONE',  ( -1.000000000000000000, -0.000000000000000000, 1.560090210129567087E-15 ) ) ;
#2130 = ORIENTED_EDGE ( 'NONE', *, *, #2035, .T. ) ;
#2131 = CARTESIAN_POINT ( 'NONE',  ( 60.49999999999997158, 25.41568567064863515, -46.00000000000000711 ) ) ;
#2132 = CARTESIAN_POINT ( 'NONE',  ( 0.000000000000000000, 0.000000000000000000, -54.50000000000000000 ) ) ;
#2133 = CARTESIAN_POINT ( 'NONE',  ( -60.50000000000002132, 52.00000000000000000, -38.10000000000000142 ) ) ;
#2134 = ORIENTED_EDGE ( 'NONE', *, *, #298, .F. ) ;
#2135 = DIRECTION ( 'NONE',  ( 0.000000000000000000, -1.000000000000000000, 0.000000000000000000 ) ) ;
#2136 = EDGE_CURVE ( 'NONE', #1382, #1085, #1106, .T. ) ;
#2137 = LINE ( 'NONE', #1151, #912 ) ;
#2138 = ORIENTED_EDGE ( 'NONE', *, *, #749, .F. ) ;
#2139 = CARTESIAN_POINT ( 'NONE',  ( 7.832578576665664245E-14, 3.630471178557583403E-14, 42.49999999999995737 ) ) ;
#2140 = ORIENTED_EDGE ( 'NONE', *, *, #1749, .T. ) ;
#2141 = CARTESIAN_POINT ( 'NONE',  ( 64.49999999999998579, 67.00000000000000000, -54.50000000000000000 ) ) ;
#2142 = DIRECTION ( 'NONE',  ( 1.000000000000000000, -0.000000000000000000, -0.000000000000000000 ) ) ;
#2143 = DIRECTION ( 'NONE',  ( 1.000000000000000000, 0.000000000000000000, 0.000000000000000000 ) ) ;
#2144 = ORIENTED_EDGE ( 'NONE', *, *, #93, .F. ) ;
#2145 = DIRECTION ( 'NONE',  ( -1.000000000000000000, 0.000000000000000000, -0.000000000000000000 ) ) ;
#2146 = CARTESIAN_POINT ( 'NONE',  ( 64.50000000000000000, 70.00000000000000000, 57.50000000000000000 ) ) ;
#2147 = ORIENTED_EDGE ( 'NONE', *, *, #1053, .F. ) ;
#2148 = AXIS2_PLACEMENT_3D ( 'NONE', #185, #333, #1542 ) ;
#2149 = CARTESIAN_POINT ( 'NONE',  ( -56.75582596964623150, 61.00000000000000000, -42.50000000000000000 ) ) ;
#2150 = ORIENTED_EDGE ( 'NONE', *, *, #1558, .F. ) ;
#2151 = ADVANCED_FACE ( 'NONE', ( #248 ), #1793, .T. ) ;
#2152 = VECTOR ( 'NONE', #1576, 1000.000000000000000 ) ;
#2153 = FACE_OUTER_BOUND ( 'NONE', #2000, .T. ) ;
#2154 = VECTOR ( 'NONE', #1283, 1000.000000000000000 ) ;
#2155 = EDGE_CURVE ( 'NONE', #224, #561, #259, .T. ) ;
#2156 = ORIENTED_EDGE ( 'NONE', *, *, #1469, .F. ) ;
#2157 = AXIS2_PLACEMENT_3D ( 'NONE', #575, #2060, #536 ) ;
#2158 = ORIENTED_EDGE ( 'NONE', *, *, #1492, .F. ) ;
#2159 = PLANE ( 'NONE',  #1448 ) ;
#2160 = CIRCLE ( 'NONE', #1206, 3.000000000000002665 ) ;
#2161 = CARTESIAN_POINT ( 'NONE',  ( -60.50000000000000000, 65.00000000000000000, -42.50000000000000000 ) ) ;
#2162 = VERTEX_POINT ( 'NONE', #953 ) ;
#2163 = DIRECTION ( 'NONE',  ( 0.000000000000000000, 0.000000000000000000, -1.000000000000000000 ) ) ;
#2164 = EDGE_LOOP ( 'NONE', ( #1507, #2004, #169, #1322 ) ) ;
#2165 = EDGE_CURVE ( 'NONE', #1511, #2188, #94, .T. ) ;
#2166 = CARTESIAN_POINT ( 'NONE',  ( -67.50000000000001421, 3.000000000000002665, -54.50000000000000000 ) ) ;
#2167 = LINE ( 'NONE', #1180, #631 ) ;
#2168 = EDGE_LOOP ( 'NONE', ( #2144, #978 ) ) ;
#2169 = DIRECTION ( 'NONE',  ( 1.000000000000000000, 0.000000000000000000, -1.374038396813312538E-16 ) ) ;
#2170 = DIRECTION ( 'NONE',  ( 3.083952846180990281E-16, -0.000000000000000000, 1.000000000000000000 ) ) ;
#2171 = VERTEX_POINT ( 'NONE', #1142 ) ;
#2172 = DIRECTION ( 'NONE',  ( 0.000000000000000000, 0.000000000000000000, -1.000000000000000000 ) ) ;
#2173 = ORIENTED_EDGE ( 'NONE', *, *, #328, .F. ) ;
#2174 = LINE ( 'NONE', #494, #1731 ) ;
#2175 = CARTESIAN_POINT ( 'NONE',  ( -60.50000000000002842, 55.34797069270403114, 42.50000000000000711 ) ) ;
#2176 = DIRECTION ( 'NONE',  ( -1.000000000000000000, -0.000000000000000000, -0.000000000000000000 ) ) ;
#2177 = DIRECTION ( 'NONE',  ( 5.734623061080353420E-17, -0.000000000000000000, 1.000000000000000000 ) ) ;
#2178 = ADVANCED_FACE ( 'NONE', ( #1820 ), #286, .F. ) ;
#2179 = ORIENTED_EDGE ( 'NONE', *, *, #160, .T. ) ;
#2180 = CARTESIAN_POINT ( 'NONE',  ( -64.50000000000000000, 0.000000000000000000, 34.10000000000000853 ) ) ;
#2181 = EDGE_CURVE ( 'NONE', #745, #364, #680, .T. ) ;
#2182 = CARTESIAN_POINT ( 'NONE',  ( -60.50000000000002842, 55.34797069270403114, 50.50000000000000711 ) ) ;
#2183 = ORIENTED_EDGE ( 'NONE', *, *, #2165, .F. ) ;
#2184 = VECTOR ( 'NONE', #275, 1000.000000000000000 ) ;
#2185 = DIRECTION ( 'NONE',  ( -0.000000000000000000, 1.000000000000000000, -0.000000000000000000 ) ) ;
#2186 = CARTESIAN_POINT ( 'NONE',  ( -61.50000000000000000, 0.000000000000000000, 0.000000000000000000 ) ) ;
#2187 = AXIS2_PLACEMENT_3D ( 'NONE', #1872, #1358, #1015 ) ;
#2188 = VERTEX_POINT ( 'NONE', #510 ) ;
#2189 = LINE ( 'NONE', #1148, #1128 ) ;
#2190 = DIRECTION ( 'NONE',  ( 1.000000000000000000, -0.000000000000000000, 0.000000000000000000 ) ) ;
#2191 = COLOUR_RGB ( '',0.7921568627450980005, 0.8196078431372548767, 0.9333333333333333481 ) ;
#2192 = EDGE_CURVE ( 'NONE', #958, #1464, #310, .T. ) ;
#2193 = EDGE_LOOP ( 'NONE', ( #857, #2183 ) ) ;
#2194 = CARTESIAN_POINT ( 'NONE',  ( 67.50000000000000000, 65.00000000000000000, 10.00000000000000000 ) ) ;
#2195 = AXIS2_PLACEMENT_3D ( 'NONE', #1389, #564, #1070 ) ;
#2196 = DIRECTION ( 'NONE',  ( -0.000000000000000000, -1.000000000000000000, -0.000000000000000000 ) ) ;
#2197 = VECTOR ( 'NONE', #989, 1000.000000000000000 ) ;
#2198 = ORIENTED_EDGE ( 'NONE', *, *, #187, .T. ) ;
#2199 = EDGE_CURVE ( 'NONE', #1152, #733, #1377, .T. ) ;
#2200 = CARTESIAN_POINT ( 'NONE',  ( -60.50000000000002132, 55.00000000000000000, -35.09999999999999432 ) ) ;
#2201 = CARTESIAN_POINT ( 'NONE',  ( -64.50000000000000000, 3.000000000000002665, 54.50000000000000000 ) ) ;
#2202 = LINE ( 'NONE', #338, #1232 ) ;
#2203 = DIRECTION ( 'NONE',  ( -1.000000000000000000, -0.000000000000000000, -0.000000000000000000 ) ) ;
#2204 =( NAMED_UNIT ( * ) SI_UNIT ( $, .STERADIAN. ) SOLID_ANGLE_UNIT ( ) );
#2205 = EDGE_LOOP ( 'NONE', ( #716, #1514, #394, #2198 ) ) ;
#2206 = CARTESIAN_POINT ( 'NONE',  ( 60.49999999999999289, 25.41568567064863515, -46.00000000000000711 ) ) ;
#2207 = CARTESIAN_POINT ( 'NONE',  ( -61.50000000000000000, 0.000000000000000000, -54.50000000000000000 ) ) ;
#2208 = EDGE_LOOP ( 'NONE', ( #1831, #1430, #276, #290 ) ) ;
ENDSEC;
END-ISO-10303-21;
